"RegionName","State","Metro","CountyName","SizeRank","2010-02","2010-03","2010-04","2010-05","2010-06","2010-07","2010-08","2010-09","2010-10","2010-11","2010-12","2011-01","2011-02","2011-03","2011-04","2011-05","2011-06","2011-07","2011-08","2011-09","2011-10","2011-11","2011-12","2012-01","2012-02","2012-03","2012-04","2012-05","2012-06","2012-07","2012-08","2012-09","2012-10","2012-11","2012-12","2013-01","2013-02","2013-03","2013-04","2013-05","2013-06","2013-07","2013-08","2013-09","2013-10","2013-11","2013-12","2014-01","2014-02","2014-03","2014-04","2014-05","2014-06","2014-07","2014-08","2014-09","2014-10","2014-11","2014-12","2015-01","2015-02","2015-03","2015-04","2015-05","2015-06","2015-07","2015-08","2015-09","2015-10","2015-11","2015-12","2016-01","2016-02","2016-03","2016-04","2016-05","2016-06","2016-07","2016-08","2016-09","2016-10","2016-11","2016-12","2017-01","2017-02","2017-03","2017-04","2017-05","2017-06","2017-07","2017-08"
"New York","NY","New York","Queens",1,,,,,,,,,,,,,,,,,,,,,,,,,,,,,,,,,,,,,,,,,,,,,,,,,,,,,,,3750,3799,3800,3650,3600,3600,3600,3599,3700,3500,3600,3700,3799,3700,3600,3600,3545,3500,3500,3550,3600,3700,3667,3695,3700,3775,3875,3750,3400,3589.5,3599,3555,3600,3795,3800,3800,3850
"Houston","TX","Houston","Harris",2,,,,,,,1725,1725,1600,1550,1500,1650,1550,1597.5,1550,1585,1750,1575,1500,1450,1495,1450,1497.5,1500,1500,1500,1397.5,1395,1400,1495,1550,1420,1235,1400,1395,1399.5,1350,1500,1400,1450,1450,1500,1582.5,1650,1500,1500,1600,1650,1400,1450,1500,1695,1750,1800,1800,1797.5,1799,1750,1800,1800,1800,1850,1890,2000,2000,2000,2000,2000,1950,1962.5,1949,1900,1895,1900,1950,1900,1950,1895,1950,1995,1800,1850,1750,1850,1800,1850,1900,1900,1900,1900,1900
"Philadelphia","PA","Philadelphia","Philadelphia",3,,,,,,,,,,,,,,,,,,,1750,1695,1600,1650,1800,1850,1950,2000,1950,1950,1900,1900,1800,1700,1750,1750,1700,1700,1900,2000,2000,2000,2000,2000,1895,1800,1799,1800,1950,2000,2000,2000,2000,2000,2000,2000,1800,1800,1800,2000,2000,2000,2000,2000,2000,2000,2000,2000,2000,2000,2000,2000,2000,2000,2000,2000,2000,2000,2000,1995,1890,1900,1800,2000,2000,2000,2000,2000,2000,2000,2000,2000,2000
"Phoenix","AZ","Phoenix","Maricopa",4,1650,1750,1500,1495,1450,1395,1472.5,1395,1395,1295,1295,1200,1200,1200,1320,1250,1250,1195,1195,1150,1150,1150,1150,1148,1175,1195,1195,1200,1250,1250,1244,1200,1145,1100,1100,1100,1100,1165,1175,1184,1175,1195,1150,1195,1200,1200,1200,1195,1175,1163,1195,1250,1295,1300,1395,1250,1290,1290,1330,1300,1495,1495,1475,1500,1550,1550,1500,1450,1400,1395,1475,1492.5,1345,1425,1431,1500,1414,1475,1397.5,1400,1450,1375,1350,1400,1497,1544.5,1550,1550,1500,1499.5,1500
"Las Vegas","NV","Las Vegas","Clark",5,,,,1472.5,1375,1297.5,1495,1595,1695,1597.5,1495,1450,1395,1395,1350,1452.5,1450,1400,1400,1445,1400,1362.5,1350,1395,1350,1395,1395,1350,1375,1375,1350,1350,1350,1345,1300,1300,1349.5,1350,1395,1390,1350,1357.5,1392.5,1395,1395,1395,1395,1375,1357,1375,1375,1400,1400,1400,1400,1400,1400,1395,1395,1399,1400,1400,1495,1450,1450,1495,1495,1475,1450,1495,1450,1450,1496.5,1550,1500,1495,1500,1495,1495,1450,1450,1500,1475,1500,1550,1587.5,1600,1600,1600,1600,1600
"San Antonio","TX","San Antonio","Bexar",6,,,,,,,,,,,,,,1395,1400,1400,1425,1450,1400,1400,1395,1395,1395,1350,1395,1495,1407,1452,1500,1495,1450,1450,1450,1495,1375,1450,1400,1475,1495,1500,1498,1500,1475,1450,1450,1400,1400,1425,1400,1400,1425,1500,1500,1500,1500,1495,1475,1450,1450,1475,1495,1500,1500,1550,1595,1600,1575,1562.5,1575,1595,1550,1550,1595,1600,1600,1595,1595,1600,1600,1595,1550,1550,1595,1600,1650,1650,1695,1700,1695,1700,1695
"San Diego","CA","San Diego","San Diego",7,,,,,,,,,,,,,,,,3125,3000,2995,2795,2540,2500,2700,2750,2625,2600,2575,2395,2400,2500,2500,2562.5,2572.5,2450,2500,2400,2399,2399,2500,2400,2447.5,2500,2695,2800,2950,2750,2595,2750,2650,2550,2540,2600,2800,2880,2995,3000,2848,2800,2795,2824,3200,3200,3000,2995,2975,2995,3000,3075,2995,2950,2995,3000,3100,3325,3300,3200,3175,3125,3000,3000,3000,2972.5,3000,2812.5,3200,3350,3380,3500,3595,3695,3500,3495
"Dallas","TX","Dallas-Fort Worth","Dallas",8,,,,,,,,,,,,,,,,,,,,,,,,,,,,,,,,,,,,,,,,,,,,,,,,,,,,,,,,,,,,,,,,,,1990,2000,1925,1800,1940,1700,1700,1975,1997.5,1930,1895,1897.5,1995,1977.5,1700,1619,1650,1750,1900,1697.5,1995,2097,2275,2500,2350,2395
"San Jose","CA","San Jose","Santa Clara",9,,,,,,,,,,,,,,,,,,2625,2525,2553,2597.5,2650,2550,2495,2572.5,2747.5,2500,2500,2550,2550,2500,2600,2650,2625,2700,2650,2600,2600,2600,2600,2795,2945,2992.5,3112.5,3050,2800,2995,2895,2900,2825,2895,3222.5,3297.5,3400,3285,3495,3375,3300,3300,3350,3295,3500,3500,3500,3700,3700,3510,3550,3600,3570,3500,3500,3650,3697.5,3625,3650,3800,3825,3800,3795,3625,3700,3695,3690,3650,3700,3700,3800,3800,3950,3850
"Jacksonville","FL","Jacksonville","Duval",10,1395,1397.5,1395,1395,1395,1350,1350,1400,1395,1350,1395,1385,1395,1350,1300,1350,1350,1400,1395,1350,1300,1295,1200,1200,1296,1280,1275,1250,1295,1300,1250,1250,1200,1250,1200,1250,1250,1250,1300,1350,1350,1350,1350,1350,1325,1350,1347.5,1300,1300,1350,1350,1350,1350,1350,1300,1300,1295,1275,1275,1285,1275,1299,1325,1325,1375,1395,1338,1350,1350,1375,1375,1375,1355,1395,1395,1400,1400,1450,1397,1450,1395,1395,1397,1375,1375,1425,1485,1475,1492.5,1495,1500
"Indianapolis","IN","Indianapolis","Marion",11,,,,,,,,,,,,,,,,,,,,,,,,,,,,,,,,1050,997.5,980,875,852.5,907,914,997.5,1042.5,1100,1150,1150,1097.5,1050,1022.5,1000,1100,1100,1100,1100,1150,1162.5,1200,1175,1150,1150,1125,1132.5,1150,1175,1175,1175,1135,1150,1145,1132.5,1125,1099.5,1075,1100,1097,1145,1135,1175,1149.5,1197.5,1200,1200,1175,1100,1150,1150,1150,1195,1245,1262.5,1262.5,1250,1290,1295
"Austin","TX","Austin","Travis",12,,,1995,1850,1900,1600,1595,1600,1700,1795,2000,1900,1850,1950,2000,1950,1750,1800,1765,1850,1862.5,1800,1795,1800,1850,2100,1950,1950,1997.5,1850,1807.5,1900,1825,1800,1800,1695,1870,1800,1850,2000,2000,1995,1900,1875,1995,2095,1995,2000,2000,2000,2095,2200,2200,2200,2195,2200,2162.5,2195,2047.5,2095,2000,2195,2385,2400,2395,2350,2300,2395,2400,2500,2548,2600,2500,2495,2350,2300,2350,2395,2300,2212.5,2095,2200,2300,2300,2195,2300,2350,2450,2400,2300,2200
"Fort Worth","TX","Dallas-Fort Worth","Tarrant",13,,,,,,,,,,,,1262.5,1350,1350,1395,1350,1350,1397.5,1395,1395,1395,1450,1450,1395,1395,1475,1400,1395,1400,1412.5,1400,1395,1395,1395,1350,1350,1350,1375,1395,1440,1495,1425,1450,1500,1495,1400,1450,1400,1425,1450,1450,1475,1495,1495,1497,1495,1497,1495,1499.5,1500,1550,1584.5,1550,1550,1500,1567,1595,1595,1595,1575,1550,1595,1585,1637.5,1625,1645,1595,1595,1639,1650,1612.5,1650,1599,1695,1650,1700,1700,1730,1750,1775,1750
"Memphis","TN","Memphis","Shelby",14,,,,,,,,,,,,,,,,,,,,,,,,,,,,,,1250,1150,1150,1095,1095,1122.5,1095,1050,1072.5,995,950,950,950,950,950,945,1000,1095,1050,995,995,1000,1050,1050,995,995,995,995,1050,1095,1095,1095,1095,1095,1095,1095,1005,1005,997.5,975,975,1037.5,997.5,1095,1095,1095,1050,1095,1097.5,1035,950,995,995,1075,1047.5,985,1000,950,995,975,1025,995
"Charlotte","NC","Charlotte","Mecklenburg",15,1350,1450,1500,1450,1500,1450,1450,1400,1490,1400,1350,1350,1365,1450,1395,1350,1395,1372.5,1325,1395,1350,1362.5,1390,1295,1400,1395,1400,1495,1472.5,1500,1495,1462.5,1400,1325,1349,1350,1325,1375,1395,1400,1400,1412.5,1400,1400,1350,1350,1350,1350,1325,1350,1350,1425,1450,1485,1500,1500,1475,1450,1425,1450,1450,1500,1500,1500,1500,1500,1500,1537,1549,1500,1500,1595,1595,1595,1595,1539.5,1520,1500,1549,1550,1549.5,1572,1495,1549,1595,1669,1675,1664.5,1650,1650,1650
"El Paso","TX","El Paso","El Paso",16,,,,,,,,,,,,,,,,,,1400,1400,1395,1400,1395,1400,1500,1500,1500,1495,1450,1397.5,1350,1350,1350,1350,1350,1395,1295,1245,1250,1275,1295,1300,1300,1300,1297.5,1300,1295,1295,1250,1250,1250,1285,1350,1325,1300,1300,1342.5,1350,1300,1300,1300,1250,1275,1295,1350,1300,1312.5,1350,1300,1300,1300,1300,1300,1300,1345,1280,1395,1275,1350,1295,1250,1295,1250,1295,1250,1250,1250,1300,1312,1300,1325,1300
"Boston","MA","Boston","Suffolk",17,,,,,,,,,,,,,,,,,,,,,,,,3000,2995,3000,2900,2900,2800,2800,2800,2800,2800,2850,3000,3300,3200,3200,3198,3200,3200,3100,3000,3000,3000,3000,3200,3300,3300,3300,3400,3250,3200,3200,3200,3200,3200,3200,3400,3700,3585,3500,3400,3400,3250,3200,3200,3200,3200,3200,3500,3750,3700,3600,3500,3400,3400,3350,3300,3300,3200,3200,3550,3800,3700,3600,3600,3600,3500,3500,3500
"Seattle","WA","Seattle","King",18,,,,,,,,,,,,,,1895,1800,1985,1995,2025,2195,2200,2295,2100,2000,1997.5,2150,2150,2250,2272.5,2400,2395,2395,2425,2295,2447.5,2495,2574.5,2250,2500,2372.5,2450,2450,2525,2495,2497.5,2400,2297.5,2397.5,2372.5,2150,2272.5,2400,2597.5,2597.5,2625,2700,2500,2450,2450,2400,2492.5,2350,2500,2500,2672.5,2897.5,2995,2950,2800,2775,2499,2795,2995,3000,2997.5,2950,3000,3200,3200,3095,2900,2900,2847.5,2672.5,3000,2995,3147.5,3200,3200,3395,3495,3390
"Baltimore","MD","Baltimore","Baltimore City",19,,,,,,,,,,,,1500,1475,1450,1450,1500,1500,1600,1550,1575,1500,1310,1250,1300,1400,1225,1400,1400,1450,1485,1400,1400,1400,1200,1400,1400,1400,1500,1500,1500,1500,1500,1500,1500,1500,1500,1550,1500,1500,1500,1500,1600,1475,1400,1475,1500,1600,1500,1425,1506.5,1612.5,1625,1625,1512.5,1525,1450,1474.5,1550,1550,1500,1500,1600,1600,1585,1585,1500,1500,1400,1550,1500,1600,1400,1225,1300,1492.5,1600,1600,1599.5,1600,1595,1595
"Denver","CO","Denver","Denver",20,,,,,,,,,,,,,,,,,,,,,,,,,,,,,,,,,,,,,,,,,,,,,,,,,,,,,,,,,,,,,,2300,2600,2600,2672.5,2600,2695,2500,2500,2450,2447.5,2500,2495,2400,2500,2500,2500,2672.5,2625,2612.5,2650,2487.5,2300,2325,2500,2500,2597.5,2695,2625,2500,2500
"Washington","DC","Washington","District of Columbia",21,,,,,,,,,,,,,,,,,,,,,,,,,,,,,,,,,,,,,,,,,,,,,,,,,,,,,,3150,3075,2950,3000,2970,2800,2750,2547.5,2800,2800,2800,2975,3400,3450,3200,3000,2850,2875,3000,3200,3494,3200,3410,3250,3500,3550,3200,3400,3050,3095,3097.5,3147.5,3500,3600,3500,3450,3675,3800
"Nashville","TN","Nashville","Davidson",22,,,,,,,,,,,,,,,,,,,,,,,,,1525,1600,1750,1600,1600,1600,1500,1500,1500,1500,1500,1500,1600,1650,1750,1600,1685,1625,1700,1662.5,1695,1600,1550,1595,1437.5,1400,1450,1695,1762.5,1775,1697.5,1700,1622.5,1625,1700,1750,1712.5,1650,1800,1800,1825,1850,1795,1775,1825,1762.5,1750,1800,1700,1950,1825,1995,1900,1900,1900,1812.5,1725,1800,1800,1850,1912.5,1825,1895,2050,1962.5,1975,1995
"Milwaukee","WI","Milwaukee","Milwaukee",23,,,,,,,,,,,,,,,,,,,,,,,,,,,,,,,,,,,,,,,,,,,,,,,,,,,,,,,,,,,,,,850,800,850,900,925,900,895,895,900,925,995,967.5,1025,1025,1000,925,950,797.5,850,899.5,990.5,925,1000,1025,1000,1000,900,985,995,947.5
"Tucson","AZ","Tucson","Pima",24,,,,,,,,,,,1150,1225,1297.5,1200,1200,1285,1250,1275,1250,1225,1225,1212.5,1200,1250,1300,1300,1300,1350,1300,1295,1262.5,1200,1200,1199,1150,1125,1200,1250,1295,1195,1172.5,1195,1150,1195,1195,1195,1200,1150,1150,1150,1200,1225,1295,1225,1200,1200,1200,1200,1200,1199.5,1250,1325,1300,1395,1250,1200,1200,1225,1200,1250,1200,1237.5,1225,1350,1295,1295,1200,1295,1262.5,1197.5,1195,1240,1200,1412.5,1395,1500,1687.5,1650,1500,1500,1450
"Portland","OR","Portland","Multnomah",25,,,,,,,,,,,,,,,,,,,,,,,,,,,,,,,,,,,,,,,,,,,,,,,,,,,,,,,,,,,,,,,,,,2400,2495,2495,2447.5,2350,2150,2197.5,2195,2222.5,2195,2145,2172.5,2275,2197.5,2300,2297.5,2197.5,2147.5,2195,2395,2295,2397.5,2400,2500,2400,2495
"Oklahoma City","OK","Oklahoma City","Oklahoma",26,,,,,,,,,,,,,,,,,,,,,,,,,,,,,,,,,,,,,,,,,,,,,1395,1400,1395,1345,1295,1250,1297.5,1395,1395,1395,1395,1350,1350,1372.5,1350,1345,1395,1400,1495,1495,1425,1495,1442.5,1395,1350,1395,1395,1395,1400,1350,1345,1320,1395,1295,1295,1285,1200,1145,1275,1250,1300,1237.5,1225,1200,1250,1250,1250
"Fresno","CA","Fresno","Fresno",27,,,,,,,,,,,,,,,,,,,1695,1685,1595,1350,1337.5,1312.5,1225,1200,1100,1050,1000,1085,1189.5,1200,1150,1125,1100,1072.5,1100,1200,1200,1195,1212.5,1200,1250,1350,1325,1300,1395,1300,1300,1300,1300,1295,1300,1412.5,1400,1495,1450,1450,1350,1350,1350,1350,1337.5,1395,1400,1462.5,1495,1495,1550,1450,1397.5,1397.5,1337.5,1397.5,1500,1495,1650,1497.5,1437.5,1472.5,1400,1495,1400,1550,1595,1650,1600,1595,1525,1565,1655
"Sacramento","CA","Sacramento","Sacramento",28,,,,,,,,,,,,,1295,1250,1250,1287.5,1300,1295,1450,1395,1395,1350,1295,1295,1300,1300,1350,1350,1350,1350,1350,1395,1350,1385,1390,1395,1350,1350,1350,1350,1300,1300,1395,1325,1375,1350,1395,1325,1362.5,1350,1350,1417,1425,1427.5,1400,1400,1400,1400,1400,1400,1450,1472,1495,1485,1495,1497,1495,1457,1495,1495,1495,1497,1550,1520,1495,1572.5,1650,1695,1525,1495,1550.5,1497,1500,1670,1725,1575,1672.5,1737.5,1737.5,1890,1785
"Mesa","AZ","Phoenix","Maricopa",29,,,,,,,,,,1500,1395,1395,1395,1450,1475,1450,1342.5,1350,1300,1350,1375,1350,1250,1397,1347.5,1300,1395,1462.5,1400,1395,1395,1400,1395,1350,1297,1295,1336.5,1375,1395,1325,1300,1325,1295,1365,1375,1395,1397.5,1350,1350,1375,1375,1400,1350,1325,1400,1400,1362.5,1395,1470,1395,1450,1397.5,1400,1450,1425,1472.5,1472.5,1395,1425,1395,1450,1397.5,1452.5,1472.5,1485,1472.5,1437.5,1450,1495,1400,1400,1397.5,1395,1545,1550,1550,1547.5,1585,1550,1526,1495
"Virginia Beach","VA","Virginia Beach","Virginia Beach City",30,1742.5,1790,1800,1800,1950,1995,1950,1800,1750,1800,1800,1712.5,1750,1825,1850,1895,1850,1850,1800,1725,1750,1700,1700,1750,1795,1800,1850,1750,1795,1800,1795,1795,1782.5,1750,1700,1700,1750,1795,1795,1795,1795,1800,1750,1750,1750,1750,1750,1750,1700,1700,1700,1850,1850,1800,1800,1800,1800,1795,1800,1795,1797.5,1795,1850,1895,1862.5,1850,1800,1785,1750,1700,1750,1795,1800,1850,1850,1850,1800,1800,1850,1800,1795,1750,1800,1795,1800,1825,1850,1850,1900,1900,1895
"Colorado Springs","CO","Colorado Springs","El Paso",31,,,,,,,,1495,1485,1395,1322.5,1400,1375,1300,1372.5,1450,1450,1450,1497.5,1400,1395,1385,1350,1325,1350,1400,1450,1400,1400,1395,1395,1395,1300,1390,1400,1390,1375,1495,1400,1450,1450,1400,1400,1495,1450,1400,1400,1395,1400,1400,1450,1500,1495,1495,1495,1495,1500,1595,1595,1495,1495,1495,1595,1650,1625,1595,1595,1625,1575,1595,1500,1500,1595,1595,1637.5,1625,1650,1585,1595,1600,1550,1550,1600,1655,1700,1700,1750,1800,1785,1750,1725
"Cleveland","OH","Cleveland","Cuyahoga",32,,,,,,,,,,,,,,,,,,,,600,525,520,525,550,537.5,537.5,588.5,597.5,600,650,673,650,650,650,600,600,600,600,595,650,650,650,600,550,600,600,612.5,625,625,625,650,697.5,650,650,650,612.5,650,650,600,690,695,750,710,725,700,637.5,695,650,710,795,770,800,837.5,822.5,875,837.5,850,800,815,800,750,750,725,700,775,775,750,795,747,750,800
"Arlington","TX","Dallas-Fort Worth","Tarrant",33,,,,,,,,,,,,,,,,,,,,,,,,1497.5,1400,1400,1400,1395,1495,1497.5,1495,1495,1495,1400,1497.5,1450,1500,1450,1425,1425,1425,1495,1549.5,1525,1495,1435,1450,1412.5,1412.5,1425,1450,1562.5,1495,1450,1485,1495,1495,1495,1495,1500,1550,1562.5,1550,1595,1675,1595,1595,1595,1650,1550,1600,1650,1650,1610,1595,1650,1650,1650,1607.5,1575,1595,1625,1549.5,1640,1679,1695,1700,1740,1750,1795,1750
"Wichita","KS","Wichita","Sedgwick",34,,,,,,,,,,,,,,,,,,,,,,,,,,,,,,,,,,,,,,,,,,,,,,,,,,,,,,,,,,,,,,,,,,,,,,,,,,,,,1025,1012,1100,925,1000,900,1035,1050,1030,1035,1045,1000,1075,1150,1072.5
"Tampa","FL","Tampa","Hillsborough",35,,,,,,,,,,,,,,,,,,,,,,,,,,,,,,,,,,1400,1325,1200,1200,1300,1500,1550,1500,1475,1650,1750,1750,1697.5,1795,1637.5,1695,1695,1695,1785,1800,1800,1797.5,1795,1795,1750,1750,1695,1785,1780,1850,1937.5,2000,2000,1910,1900,1910,1900,1850,1850,1850,1887,1950,1995,1962,1995,1950,1997.5,1862.5,2039,1800,1950,2065,1900,2100,2250,2250,2200,2200
"Riverside","CA","Riverside","Riverside",36,,,,,,,,,,,,,,,,,1950,2000,1895,1895,1895,1862.5,1795,1799,1750,1750,1810,1895,1850,1879,1837,1810,1837,1800,1800,1799,1795,1750,1750,1822.5,1850,1900,1897,1900,1897,1850,1895,1875,1837.5,1849,1850,1900,1997,2000,1962.5,1900,1895,1895,1895,1899,1950,1992.5,1999,1950,1997,2000,2000,1997,1995,1950,1995,1999.5,2054.5,1995,2000,2000,1999,1997,2050,1995,1900,2000,1999,2100,2200,2172.5,2012.5,2100,2195,2225,2300
"Marietta","GA","Atlanta","Cobb",37,,,1745,1800,1775,1750,1975,1900,1825,1772.5,1675,1650,1650,1650,1672.5,1672.5,1700,1650,1650,1600,1550,1500,1500,1500,1500,1400,1500,1500,1600,1600,1500,1575,1600,1600,1575,1550,1550,1525,1550,1495,1550,1650,1600,1700,1600,1600,1650,1700,1650,1600,1595,1700,1800,1800,1800,1750,1700,1797.5,1750,1659.5,1750,1800,1850,1850,1902.5,1937.5,1700,1700,1754.5,1800,1800,1754.5,1777,1767,1800,1800,1850,1900,1950,1950,1800,1950,1750,1850,1900,1900,1950,2000,2000,2000,2000
"Anchorage","AK","Anchorage","Anchorage",38,,,,,,,,,,,,,,,,,,,,,,,,,,,,,,,,,,,,,,,,,,,,,,,,,,,,,2425,2250,2350,2292.5,2250,2200,2250,2300,2250,2220,2300,2387.5,2312.5,2395,2300,2200,2300,2300,2250,2350,2300,2300,2300,2250,2150,2300,2300,2300,1997.5,2125,2100,2000,1997.5,2000,2200,2200,2200,2200,2100
"Bakersfield","CA","Bakersfield","Kern",39,,,,,,,,,,,,,,,,,,,,,,,,1675,1697.5,1700,1650,1650,1600,1650,1650,1550,1497.5,1495,1500,1595,1625,1600,1697.5,1695,1695,1675,1645,1650,1595,1575,1547.5,1595,1595,1570,1550,1600,1650,1650,1650,1625,1600,1600,1600,1600,1600,1600,1650,1600,1600,1600,1650,1600,1600,1600,1600,1600,1650,1600,1650,1600,1650,1650,1650,1595,1595,1600,1595,1595,1595,1595,1595,1600,1650,1650,1650
"Stockton","CA","Stockton","San Joaquin",40,,,,,,,,,,,,,1350,1350,1320,1350,1337.5,1350,1350,1350,1347.5,1300,1395,1395,1395,1400,1395,1395,1395,1300,1295,1295,1300,1300,1362.5,1300,1300,1345,1322.5,1350,1350,1350,1350,1350,1350,1350,1327.5,1350,1350,1375,1375,1397.5,1450,1497.5,1437.5,1395,1395,1412.5,1400,1395,1395,1450,1450,1450,1450,1450,1450,1495,1497.5,1472.5,1437.5,1450,1475,1400,1495,1425,1550,1525,1475,1525,1572.5,1550,1550,1585,1650,1595,1595,1597.5,1595,1500,1650
"Plano","TX","Dallas-Fort Worth","Collin",41,,,,,,,,,,,,,1800,1750,1795,1800,1850,1795,1850,1797.5,1800,1795,1825,1875,1800,1850,1800,1850,1850,1800,1850,1895,1850,1825,1797.5,1795,1800,1795,1795,1850,1950,1900,1900,1850,1892.5,1950,1950,1950,1950,1912.5,1900,1995,2000,2100,2100,2050,1999,2000,1995,1995,1995,2095,2095,2050,2100,2100,2195,2150,2100,2100,2100,2150,2150,2100,2100,2100,2195,2195,2200,2150,2037,2097.5,2200,2150,2100,2100,2175,2200,2225,2200,2195
"Buffalo","NY","Buffalo","Erie",42,,,,,,,,,,,,,,,,,,,,,,,,,,,,,,,,,,,,,,,,,,,,,,,,,,,,,,,,,,,,,,,,,,,,,,,,,,,,,,,,800,850,900,800,800,825,850,950,850,837.5,875,900
"Chandler","AZ","Phoenix","Maricopa",43,,,,,,,,,,1787.5,1688.5,1600,1600,1637.5,1650,1600,1650,1650,1650,1650,1600,1595,1530,1572.5,1600,1550,1625,1650,1622.5,1635,1620,1635,1642,1600,1690,1600,1650,1612.5,1600,1650,1650,1620,1600,1600,1595,1695,1650,1600,1595,1550,1537.5,1650,1700,1650,1650,1650,1700,1772.5,1750,1712.5,1750,1750,1850,1795,1795,1850,1750,1695,1700,1700,1750,1750,1697.5,1700,1762.5,1799.5,1795,1822.5,1750,1750,1797.5,1850,1697.5,1862.5,1770,1800,1850,1800,1950,1900,1862.5
"Henderson","NV","Las Vegas","Clark",44,,,,,,,,,,,,,,,,,,,,,,,,1700,1700,1737.5,1700,1685,1600,1699,1595,1595,1550,1595,1595,1595,1595,1625,1597.5,1522.5,1525,1595,1600,1600,1595,1590,1595,1600,1600,1600,1600,1607.5,1599.5,1550,1595,1595,1595,1595,1597,1650,1690,1695,1750,1750,1750,1730,1700,1700,1650,1600,1600,1650,1695,1699.5,1775,1795,1799.5,1695,1695,1650,1690,1699,1650,1700,1700,1750,1795,1793,1850,1850,1812.5
"Orlando","FL","Orlando","Orange",45,,,,,,,,,,,,1350,1400,1450,1517,1595,1550,1575,1500,1495,1400,1400,1400,1400,1437.5,1450,1400,1455,1500,1495,1499,1495,1497,1495,1450,1450,1497.5,1495,1500,1550,1550,1550,1550,1595,1550,1525,1575,1550,1500,1500,1525,1595,1600,1600,1650,1650,1600,1575,1555,1595,1600,1599,1637,1690,1695,1695,1700,1685,1650,1650,1695,1695,1675,1675,1695,1695,1695,1695,1695,1695,1695,1695,1700,1750,1750,1750,1795,1839,1825,1875,1800
"Norfolk","VA","Virginia Beach","Norfolk City",46,,,,,,,,,,,,,,,1300,1350,1350,1375,1350,1300,1295,1350,1300,1295,1290,1350,1385,1300,1295,1350,1372.5,1350,1295,1295,1295,1295,1225,1275,1300,1250,1300,1300,1395,1350,1300,1395,1300,1300,1300,1300,1312.5,1350,1395,1395,1350,1350,1350,1300,1300,1350,1375,1400,1450,1400,1425,1512.5,1495,1475,1400,1400,1400,1395,1400,1400,1500,1350,1425,1425,1450,1400,1450,1400,1475,1400,1497,1450,1500,1490,1499,1500,1550
"Corona","CA","Riverside","Riverside",47,,,,,,,,,,,,,2100,2100,2100,2200,2300,2225,2295,2200,2150,2000,2100,2000,2095,2250,2150,2100,2200,2300,2200,2100,2100,2100,2100,2195,2200,2292.5,2200,2125,2200,2200,2200,2300,2300,2199.5,2250,2295,2300,2200,2200,2200,2300,2300,2300,2295,2295,2250,2200,2195,2195,2297.5,2300,2300,2300,2300,2400,2395,2400,2397.5,2400,2397.5,2390,2400,2350,2400,2387.5,2395,2300,2325,2450,2350,2397.5,2400,2450,2534,2500,2525,2500,2500,2550
"Chula Vista","CA","San Diego","San Diego",48,,,,,,,,,,,,,,,,,2400,2600,2495,2500,2500,2477.5,2500,2500,2474.5,2322.5,2400,2395,2400,2400,2400,2400,2300,2295,2250,2400,2450,2425,2450,2400,2495,2500,2595,2497,2450,2400,2495,2450,2450,2495,2475,2595,2500,2600,2550,2495,2500,2550,2575,2595,2495,2499,2525,2600,2500,2600,2600,2600,2600,2600,2685,2595,2595,2500,2499.5,2600,2600,2750,2600,2700,2750,2695,2600,2650,2650,2672.5,2795,2725,2762.5,2750,2699.5
"Chesapeake","VA","Virginia Beach","Chesapeake City",49,,,,,,,,,,,,1799,1747.5,1850,1895,1900,1895,1850,1850,1895,1895,1875,1800,1795,1850,1850,1925,1995,1995,1995,1995,1900,1885,1800,1850,1850,1850,1900,1967.5,1937.5,1900,1950,1895,1850,1895,1875,1897.5,1895,1850,1850,1850,1950,1995,1995,1895,1850,1800,1850,1850,1850,1850,1900,1900,1895,1900,1895,1895,1900,1895,1875,1895,1850,1800,1895,1900,1895,1850,1950,1900,1925,1800,1900,1895,1895,1795,1850,1900,1895,1950,1950,1950
"Garland","TX","Dallas-Fort Worth","Dallas",50,,,,,,,,,,,,,,,,,,,,,,,,,,,,,,,,,,,,,,,,,,,,,,,,,,,,,,,,,,,,,,,,,,,,,,,,,,,,,1650,1595,1479,1495,1725,1650,1585,1595,1610,1637.5,1650,1697.5,1725,1750,1700
"Fontana","CA","Riverside","San Bernardino",51,,,,,,,,,,,,,,,,2090,2100,2100,1999,1999,2000,1999,1950,1950,1900,1900,1900,1969,1900,1995,1969,1895,1895,1975,1962.5,1985,1977,1997.5,1997,1950,1950,1985,1950,1995,1999,1962.5,1989,1962.5,1995,1999,2000,2000,2050,2100,2100,2100,2062.5,2019,2000,2025,2100,2124.5,2149,2150,2182,2150,2097.5,2100,2100,2125,2125,2150,2100,2100,2150,2195,2150,2250,2150,2225,2250,2150,2172.5,2250,2200,2275,2300,2300,2295,2300,2300
"Fort Myers","FL","Fort Myers","Lee",52,,,,,,,,,,,,,,,,,,,,,,,,,,,,,,,,,,,,,,,,,,,,,,,,1800,1800,1800,1797.5,1900,1995,1937.5,1900,2000,1950,1900,1925,1937.5,1900,1997.5,2125,1900,1999,1975,1962.5,2147.5,2195,2100,2200,2150,2100,2295,2350,2350,2275,2297.5,2400,2200,2200,2350,2087.5,2075,2000,2100,2249,2200,2200,2200,2199.5
"North Las Vegas","NV","Las Vegas","Clark",53,,,,,,,,,,,,1295,1262.5,1297.5,1295,1200,1250,1250,1250,1250,1200,1200,1200,1200,1200,1200,1295,1250,1250,1200,1200,1200,1200,1195,1195,1200,1200,1200,1212.5,1250,1200,1248,1250,1250,1250,1250,1200,1200,1200,1200,1200,1225,1200,1250,1235,1250,1250,1250,1250,1250,1250,1295,1250,1295,1292.5,1295,1295,1295,1290,1250,1275,1250,1275,1295,1300,1300,1350,1345,1350,1299,1335,1300,1295,1300,1349,1375,1395,1375,1395,1400,1400
"Lawrenceville","GA","Atlanta","Gwinnett",54,,,,,,,1350,1350,1350,1300,1300,1295,1295,1300,1350,1300,1300,1250,1295,1295,1297.5,1272.5,1250,1250,1250,1250,1300,1300,1250,1280,1250,1295,1295,1300,1275,1275,1295,1300,1295,1295,1295,1299,1300,1300,1300,1300,1300,1300,1300,1320,1322.5,1375,1395,1375,1350,1365,1350,1350,1395,1400,1397,1400,1400,1425,1465,1475,1430,1450,1437,1425,1425,1450,1445,1470,1495,1495,1462.5,1475,1495,1500,1500,1497.5,1499,1500,1500,1550,1550,1595,1595,1550,1550
"Fremont","CA","San Francisco","Alameda",55,,,,,,,,,,,,,,,,,,,,,,,,,,,,,,,,,,,,,,,,,,,,,,,,,,,,,,,,,,,,,,,,,,,,,,,,,,,,,,3590,3500,3550,3497.5,3450,3500,3425,3500,3675,3600,3650,3650,3650,3695
"Fayetteville","NC","Fayetteville","Cumberland",56,,,,,,,,,,,,,1250,1250,1297,1300,1350,1297.5,1295,1295,1220,1200,1200,1200,1250,1295,1300,1325,1362.5,1300,1300,1250,1250,1272.5,1250,1200,1200,1200,1250,1295,1250,1250,1295,1300,1250,1250,1250,1200,1200,1232,1250,1300,1300,1275,1250,1250,1250,1230,1250,1225,1200,1249,1295,1350,1350,1300,1300,1295,1300,1300,1250,1250,1250,1250,1250,1250,1350,1350,1300,1250,1275,1200,1250,1285,1295,1300,1300,1300,1425,1375,1325
"Gilbert","AZ","Phoenix","Maricopa",57,,,,,,,,,,1500,1600,1590,1500,1545,1587.5,1567.5,1500,1495,1550,1435,1397.5,1395,1375,1350,1399,1497,1495,1500,1500,1575,1500,1495,1450,1450,1450,1430,1425,1450,1425,1495,1462.5,1400,1450,1400,1400,1412.5,1450,1462.5,1475,1450,1495,1450,1495,1495,1495,1495,1495,1495,1495,1450,1497.5,1549,1525,1550,1450,1450,1499,1495,1549,1549,1549,1550,1550,1550,1595,1550,1650,1572.5,1572.5,1580,1550,1595,1597,1595,1600,1550,1595,1595,1600,1600,1650
"Scottsdale","AZ","Phoenix","Maricopa",58,,,,,,,,,,,,,,,,,,,,,,,,,,,,,,,,,,,,,,,,,,,,,,,,,,,,,,,,,,,,,,,,,,,,,,,,,,,,,3000,2997.5,3100,3300,3094,3250,3000,3495,3200,3300,3300,3250,3350,3300,3397
"Irvine","CA","Los Angeles-Long Beach-Anaheim","Orange",59,,,,,,,3375,3295,3200,3200,3200,3350,3300,3425,3462.5,3300,3200,3100,3300,3200,3100,3000,3100,3175,3297.5,3300,3237.5,3400,3300,3300,3250,3260,3400,3345,3700,3600,3612.5,3575,3500,3500,3500,3600,3600,3650,3650,3500,3500,3450,3499,3500,3500,3600,3625,3650,3700,3725,3700,3650,3800,3800,3800,3700,3800,3775,3800,3750,3950,3900,3800,3800,3800,3800,3800,3925,3990,4000,3872.5,3900,3972.5,3850,3850,3900,3895,3950,4000,4075,4000,4000,4000,4000,3999.5
"Boca Raton","FL","Miami-Fort Lauderdale","Palm Beach",60,,,,,,,,,,,2795,2750,2700,2700,2600,2850,2700,2700,2600,2500,2500,2495,2495,2500,2552.5,2600,2850,2700,2850,2800,2950,2800,2750,2750,2795,2627.5,2737.5,2700,2775,2795,2800,2900,2900,2850,2850,2840,2812.5,2700,2685,2600,2685,2730,2700,2708.5,2800,2895,2797.5,2895,2797.5,2950,2825,2850,2900,2999.5,2950,2950,2935,2985,2995,2895,2895,2877.5,2800,2895,2900,2900,3000,2897.5,3200,3247.5,3000,3000,3004.5,2900,2989.5,2999,3150,3000,3100,3000,3073
"Bradenton","FL","North Port-Sarasota-Bradenton","Manatee",61,,,,,,,,,,,,,,,,,,,,,,,,,,,,,,,,,,,,,,,,,,,,,,,,2350,2325,2275,2250,2525,2500,2400,2250,2400,2397.5,2397.5,2450,2275,2425,2695,2700,2600,2500,2500,2587.5,2675,2625,2495,2400,2240,2285,2425,2485,2500,2500,2637.5,2712.5,2500,2350,2565,2400,2200,2300,2500,2500,2650,2599,2600,2500
"Reno","NV","Reno","Washoe",62,,,,,,,,,,,,,,,,,,,,,,1500,1450,1400,1450,1450,1495,1495,1495,1550,1550,1550,1550,1522.5,1500,1450,1425,1500,1495,1597.5,1600,1550,1550,1550,1550,1595,1567.5,1550,1550,1567.5,1550,1500,1595,1675,1650,1600,1600,1600,1650,1700,1750,1725,1737.5,1750,1650,1600,1795,1700,1650,1695,1697.5,1700,1800,1800,1812.5,1900,1845,1795,1825,1795,1825,1800,1800,1872.5,1925,1825,2014,2100,1995,2000,2000
"Tacoma","WA","Seattle","Pierce",63,,,,,,,,,,,,,,,,,,,,,,,,,,1275,1312.5,1300,1300,1325,1350,1350,1295,1350,1300,1297.5,1350,1350,1462.5,1495,1450,1412.5,1467.5,1395,1495,1472.5,1472.5,1425,1395,1390,1395,1496,1470,1495,1550,1450,1395,1400,1400,1437.5,1450,1495,1500,1550,1550,1495,1600,1521,1472.5,1475,1430,1415,1500,1597.5,1600,1550,1500,1600,1562.5,1565,1525,1500,1550,1697.5,1600,1600,1797.5,1695,1975,1850,1847.5
"Oceanside","CA","San Diego","San Diego",64,,,,,,,,,,,,,,,,2200,2195,2150,2000,2045,1995,2100,2095,2194.5,2200,2100,2150,2150,2150,2240,2240,2199,2200,2195,2200,2295,2250,2290,2300,2350,2337.5,2300,2250,2300,2300,2300,2295,2297.5,2295,2295,2295,2350,2450,2385,2285,2350,2380,2395,2295,2347.5,2285,2322.5,2500,2495,2450,2415,2497.5,2500,2450,2385,2435,2435,2447.5,2425,2450,2499,2500,2499,2572.5,2500,2595,2450,2547.5,2600,2577.5,2600,2650,2699.5,2725,2650,2697.5
"Woodbridge","VA","Washington","Prince William",65,,,,,,,,,,,,,,,,2197.5,2250,2200,2375,2397.5,2350,1995,1950,2100,2000,2200,2300,2200,2297.5,2300,2250,2050,1900,2000,2000,1925,2197.5,2185,2197.5,2100,2150,2300,2200,2275,2297.5,2285,2200,2325,2347.5,2300,2300,2295,2362.5,2300,2300,2250,2200,2250,2172.5,2184.5,2184.5,2100,2200,2300,2425,2350,2300,2399,2325,2200,2225,2272.5,2300,2350,2200,2450,2272.5,2300,2500,2300,2200,2200,2200,2400,2400,2397.5,2300,2400,2400,2400,2300
"Huntington Beach","CA","Los Angeles-Long Beach-Anaheim","Orange",66,,,,,,,,,,,,,,,,3300,2950,2900,3087.5,2900,2970,2997.5,3000,3000,3050,2972.5,2825,3190,2975,2700,2950,3070,3200,3000,3000,3000,2895,2895,3100,3000,3400,3500,3400,3500,3345,3200,3295,3247.5,3200,3200,3297.5,3597.5,3500,3500,3500,3495,3497.5,3447.5,3500,3700,3550,3400,3500,3622,3650,3550,3300,3500,3300,3275,3500,3537.5,3447.5,3400,3300,3500,3700,3595,3600,3350,3500,3300,3250,3200,3300,3500,3500,3500,3500,3500,3747.5
"Moreno Valley","CA","Riverside","Riverside",67,,,,,,,,,,,,,,,,,,1550,1500,1500,1500,1500,1512.5,1525,1499.5,1440,1495,1500,1550,1550,1550,1550,1550,1550,1550,1560,1550,1550,1595,1600,1599,1600,1595,1600,1595,1550,1580,1595,1595,1595,1595,1649,1600,1625,1600,1597.5,1600,1595,1650,1625,1637,1650,1650,1675,1700,1700,1700,1700,1695,1697.5,1695,1700,1700,1737.5,1750,1735,1750,1757.5,1792.5,1650,1700,1700,1700,1730,1825,1861.5,1850,1812.5,1880,1875,1850
"Port Saint Lucie","FL","Port St. Lucie","Saint Lucie",68,,,,,,,,,,,,,1275,1350,1300,1300,1400,1300,1300,1300,1300,1300,1272.5,1300,1300,1300,1300,1395,1350,1300,1300,1300,1300,1300,1300,1300,1330,1350,1350,1375,1425,1450,1462.5,1400,1450,1350,1385,1400,1450,1400,1450,1450,1450,1450,1425,1475,1475,1450,1450,1500,1495,1495,1500,1500,1500,1525,1525,1500,1537.5,1600,1550,1500,1550,1600,1672.5,1595,1600,1650,1595,1600,1595,1600,1597.5,1625,1674.5,1712.5,1750,1700,1675,1700,1712.5
"Lancaster","CA","Los Angeles-Long Beach-Anaheim","Los Angeles",69,,,,,,,,,,,,,,,,,,1396.5,1300,1337.5,1425,1425,1395,1495,1354.5,1350,1400,1395,1400,1450,1400,1400,1550,1495,1450,1489,1450,1450,1462.5,1500,1550,1595,1549,1550,1519,1499,1480,1450,1449,1425,1400,1400,1450,1450,1397.5,1395,1397,1400,1450,1400,1475,1500,1572.5,1600,1545,1600,1650,1604.5,1562.5,1550,1495,1562.5,1626,1600,1600,1587,1475,1522.5,1550,1500,1545,1599,1485,1600,1700,1700,1725,1795,1697.5,1700,1700
"Fort Lauderdale","FL","Miami-Fort Lauderdale","Broward",70,,,,,,,,,,,,,,,,,,,,,,,,,,,,,,,,,,,,,,,,,,,,,,,,,,,,,,,,,,3625,3925,3400,3000,2600,2950,3300,3000,3300,2900,2800,3000,2875,2800,2800,3200,3000,2800,2850,2650,2850,3000,2800,3000,2800,2950,2800,2900,3400,3495,3425,3100,3347.5,3450
"Columbus","GA","Columbus","Muscogee",71,,,,,,,,,,,,,,,,,,,,,,,,,,,,,,,,,,,,,,,,,,,,,,,,,,,,,,,,,,,,,,,,,,,,,,,,,,,,,,,1195,1100,1250,1100,1190,1050,1100,1100,1197.5,1195,1272.5,1200,1150
"Rancho Cucamonga","CA","Riverside","San Bernardino",72,,,,,,,,,,,,,,,,,,2200,2370,2250,2125,2050,2400,2500,2355,2200,2200,2195,2195,2200,2200,2350,2295,2185,2185,2199,2199.5,2160,2200,2250,2200,2250,2200,2270,2250,2290,2250,2250,2230,2272.5,2300,2300,2350,2400,2360,2350,2300,2300,2300,2297.5,2300,2300,2350,2350,2350,2375,2450,2450,2450,2380,2450,2400,2500,2400,2325,2380,2550,2400,2500,2517.5,2447.5,2525,2500,2475,2500,2600,2600,2650,2600,2640,2690
"Newport News","VA","Virginia Beach","Newport News City",73,,,,,,,,,,,,,1495,1485,1495,1495,1550,1550,1550,1495,1497.5,1400,1400,1400,1397.5,1485,1400,1450,1500,1500,1500,1500,1500,1495,1450,1400,1485,1550,1572.5,1595,1600,1597.5,1540,1550,1500,1425,1497.5,1495,1425,1425,1450,1500,1585,1562.5,1550,1500,1500,1495,1500,1500,1500,1495,1550,1595,1600,1600,1590,1500,1500,1500,1500,1500,1500,1550,1575,1550,1475,1550,1450,1450,1485,1500,1562.5,1575,1575,1525,1575,1550,1600,1525,1550
"Killeen","TX","Killeen","Bell",74,,,,,,,,,,,,,,,,1150,1100,1075,1097.5,1095,1050,1050,1075,1025,1025,1095,1095,1100,1095,1095,1100,1100,1195,1195,1195,1175,1150,1100,1100,1100,1150,1100,1097.5,1095,1075,1050,1000,1000,1025,1050,1050,1100,1095,1095,1095,1095,1095,1095,1097.5,1055,1050,1100,1100,1100,1100,1150,1150,1100,1095,1100,1100,1100,1095,1050,1025,1050,1095,1095,1100,1100,1050,1100,1095,1100,1095,1095,1095,1100,1135,1112.5,1095
"Palmdale","CA","Los Angeles-Long Beach-Anaheim","Los Angeles",75,,,,,,,,,,,,,,,,,,,,,,1495,1500,1597.5,1600,1472.5,1595,1500,1500,1522.5,1600,1550,1550,1550,1600,1597.5,1650,1625,1650,1650,1600,1600,1595,1600,1595,1595,1550,1595,1595,1550,1550,1522.5,1595,1595,1599,1597,1600,1600,1600,1650,1795,1749,1750,1675,1675,1600,1669,1600,1597.5,1580,1600,1650,1695,1675,1625,1600,1675,1600,1600,1625,1650,1595,1600,1750,1795,1825,1900,1900,1895,1912.5,1725
"Elk Grove","CA","Sacramento","Sacramento",76,,,,,,,,,,,,,,,,1650,1612.5,1600,1600,1650,1650,1595,1590,1595,1580,1595,1595,1595,1625,1650,1595,1650,1650,1650,1650,1650,1605,1630,1637.5,1650,1600,1600,1632,1595,1650,1650,1695,1695,1675,1650,1665,1700,1750,1712.5,1700,1700,1695,1695,1695,1695,1695,1695,1700,1750,1750,1775,1795,1750,1700,1795,1795,1795,1795,1795,1772.5,1800,1895,1800,1795,1815,1812.5,1797.5,1800,1825,1895,1900,2032.5,1950,1999,1995,2072.5
"Fredericksburg","VA","Washington","Spotsylvania",77,,,,,,,,,,,,,,,,,,,,,,,1800,1650,1650,1887.5,1900,1990,1895,1950,1850,1875,1825,1800,1650,1710,1725,1795,1925,1895,1950,1950,1900,1800,1845,1800,1800,1800,1797.5,1800,1800,1975,1995,1900,1950,1925,1850,1862.5,1850,1875,1895,1900,1900,1950,1995,1975,1950,1900,1850,1900,1977.5,1995,1950,1950,1985,1950,1895,1995,1995,1895,2150,1995,1972.5,2097.5,1995,1900,1995,2000,1995,2000,1950
"Pembroke Pines","FL","Miami-Fort Lauderdale","Broward",78,,,,,,,,,,,,,2500,2500,2500,2500,2500,2550,2550,2500,2595,2550,2550,2500,2500,2500,2600,2500,2600,2550,2500,2500,2500,2500,2500,2525,2500,2500,2500,2550,2590,2600,2650,2650,2600,2600,2600,2650,2600,2575,2600,2600,2700,2690,2572.5,2500,2500,2525,2525,2600,2612.5,2599,2600,2650,2600,2600,2750,2750,2650,2650,2600,2685,2700,2625,2600,2600,2697.5,2600,2577,2600,2700,2600,2587.5,2625,2600,2622,2650,2697,2699,2700,2694.5
"Sugar Land","TX","Houston","Fort Bend",79,,,,,,,,,,,,,,,,,,,,,,,1900,1850,1837.5,1800,1850,1950,2150,2050,2000,2000,2000,2000,2000,1997.5,2000,1975,2000,2100,2100,2250,2162.5,2275,2150,2275,2400,2475,2375,2250,2100,2250,2350,2200,2195,2100,2100,2025,2200,2225,2250,2250,2397.5,2300,2250,2300,2350,2300,2300,2300,2300,2300,2295,2262.5,2350,2295,2249.5,2250,2250,2250,2250,2200,2250,2150,2100,2162.5,2100,2200,2150,2097.5,2022.5
"Hampton","VA","Virginia Beach","Hampton City",80,,,,,,,,,,,,,1500,1495,1400,1495,1450,1495,1497.5,1495,1450,1400,1380,1395,1475,1487.5,1425,1450,1495,1495,1462.5,1350,1400,1274,1311.5,1200,1300,1387.5,1475,1450,1425,1450,1462.5,1500,1500,1397.5,1395,1350,1395,1400,1400,1500,1575,1500,1550,1500,1500,1500,1500,1500,1495,1550,1500,1562.5,1500,1500,1500,1500,1500,1500,1400,1500,1500,1495,1472.5,1500,1625,1650,1595,1572.5,1550,1525,1499.5,1500,1500,1470,1425,1437.5,1500,1525,1500
"Columbia","SC","Columbia","Richland",81,,,,,,,,,,,,1495,1325,1200,1365,1370,1300,1350,1300,1295,1285,1200,1195,1200,1250,1200,1250,1300,1300,1250,1250,1250,1200,1200,1200,1275,1250,1212.5,1262.5,1275,1275,1300,1300,1295,1297.5,1275,1395,1350,1250,1250,1250,1290,1300,1250,1350,1295,1295,1297.5,1295,1300,1325,1300,1295,1337.5,1325,1300,1250,1250,1300,1321.5,1300,1295,1300,1300,1300,1297.5,1300,1275,1250,1312.5,1297.5,1295,1300,1250,1250,1295,1350,1350,1425,1395,1395
"McKinney","TX","Dallas-Fort Worth","Collin",82,,,,,,,,,,,,,1595,1595,1650,1600,1595,1595,1600,1650,1600,1600,1600,1650,1695,1600,1700,1695,1650,1700,1750,1650,1650,1700,1695,1795,1700,1700,1697.5,1710,1700,1750,1750,1750,1700,1700,1695,1695,1700,1725,1750,1795,1795,1799,1795,1775,1782.5,1795,1795,1800,1800,1825,1822.5,1850,1895,1850,1850,1850,1827.5,1850,1875,1845,1800,1800,1895,1899,1900,1897.5,1895,1928.5,1920,1900,1850,1875,1895,1950,1950,1950,1900,1895,1900
"New Haven","CT","New Haven","New Haven",83,,,,,,,,,,,,,,,,,,,,,,,,,,,,,,,1374.5,1350,1350,1250,1325,1350,1287.5,1400,1375,1450,1350,1375,1400,1375,1325,1300,1385,1325,1387.5,1375,1387.5,1400,1450,1200,1200,1275,1300,1300,1300,1325,1472.5,1395,1400,1450,1450,1472.5,1475,1500,1500,1500,1450,1450,1400,1362.5,1475,1525,1600,1450,1650,1537.5,1500,1495,1500,1475,1500,1600,1525,1600,1575,1500,1575
"Cumming","GA","Atlanta","Forsyth",84,,,,,,,,,,,,1597.5,1550,1600,1650,1650,1650,1600,1600,1600,1720,1612.5,1650,1650,1697.5,1800,1750,1800,1800,1750,1700,1595,1700,1700,1650,1650,1700,1700,1675,1600,1695,1700,1700,1697.5,1695,1700,1695,1650,1695,1675,1650,1700,1700,1700,1750,1700,1725,1750,1800,1750,1750,1800,1850,1850,1850,1850,1850,1795,1800,1795,1795,1750,1732.5,1700,1715,1815,1800,1835,1800,1750,1830,1737.5,1800,1735,1750,1855,1850,1850,1877.5,1850,1850
"Bellevue","WA","Seattle","King",85,,,,,,,,,,,,,,,,,,,,,,,,,,,,,2547.5,2495,2500,2600,2500,2500,2497.5,2500,2600,2500,2495,2897.5,2700,2925,2597.5,2495,2600,2650,2500,2485,2495,2500,2500,2772.5,2695,2800,2850,2695,2747.5,2700,2672.5,2925,2822.5,2745,2800,2895,2925,2950,2900,2837.5,2947.5,2895,2772.5,2784.5,2925,2972.5,3175,3150,2995,3147.5,3097.5,2962.5,2800,2900,2900,2800,2950,3200,3200,3200,3400,3370,3200
"Miramar","FL","Miami-Fort Lauderdale","Broward",86,,,,,,,,,,,2200,2350,2350,2400,2500,2500,2500,2500,2450,2450,2500,2400,2400,2350,2300,2390,2400,2400,2400,2450,2472.5,2450,2425,2350,2350,2362.5,2375,2400,2500,2450,2400,2362.5,2362.5,2400,2350,2400,2350,2400,2400,2400,2400,2500,2500,2500,2500,2500,2400,2450,2400,2400,2425,2500,2500,2597.5,2600,2550,2600,2599,2500,2500,2599.5,2525,2500,2500,2500,2450,2500,2479,2500,2500,2500,2500,2490,2649.5,2638,2641,2628.5,2629,2525,2550,2600
"Coral Springs","FL","Miami-Fort Lauderdale","Broward",87,,,,,,,,,,,,,,2350,2400,2500,2500,2500,2500,2400,2350,2350,2300,2300,2300,2300,2400,2495,2495,2500,2450,2500,2500,2500,2400,2500,2500,2500,2500,2500,2500,2500,2500,2500,2537.5,2500,2540,2575,2562.5,2575,2600,2600,2600,2600,2575,2500,2550,2592.5,2600,2600,2600,2625,2600,2600,2575,2572.5,2587,2600,2637.5,2600,2500,2587.5,2600,2600,2600,2600,2575,2600,2600,2500,2600,2585,2500,2600,2598,2600,2633.5,2650,2650,2649,2650
"Frisco","TX","Dallas-Fort Worth","Collin",88,,,,,,,,,,,,,2100,2000,2000,2000,1950,1850,1950,1895,2000,1800,2000,1925,1995,2147.5,1950,1997.5,1950,1825,1850,1850,1800,1997.5,1950,1895,1850,1850,1950,1975,1900,2000,2095,2000,2150,2150,2170,2125,2000,2072.5,2050,2199.5,2195,2100,2200,2119,2150,2119,2100,2100,2100,2100,2250,2197.5,2250,2295,2250,2197.5,2100,2192.5,2250,2250,2300,2300,2300,2300,2200,2325,2300,2250,2400,2400,2150,2200,2150,2200,2200,2300,2350,2300,2300
"Cypress","TX","Houston","Harris",89,,,,,,,,,,,,,,,,,,,,,,1500,1500,1500,1500,1762.5,1650,1625,1600,1600,1600,1750,1697.5,1550,1550,1600,1700,1650,1750,1750,1750,1700,1750,1750,1750,1650,1700,1612,1650,1625,1700,1800,1861.5,1750,1872.5,1900,1937,1850,1800,1800,1887,1800,1800,1800,1849.5,1950,1882,1900,1819,1850,1849.5,1825,1833.5,1833.5,1850,1825,1900,1900,1925,1950,1849.5,1900,1945,1800,1850,1850,1850,1850,1850,1850,1850
"Surprise","AZ","Phoenix","Maricopa",90,,,,,,,,,,1097.5,1097.5,1097.5,1100,1162.5,1195,1195,1150,1100,1150,1150,1150,1150,1150,1100,1150,1150,1200,1200,1195,1112.5,1125,1100,1100,1052.5,1097.5,1100,1150,1150,1175,1150,1195,1195,1175,1150,1172.5,1150,1137.5,1100,1125,1125,1150,1185,1195,1195,1175,1185,1195,1200,1200,1200,1250,1250,1285,1295,1337.5,1262.5,1245,1262.5,1275,1275,1250,1295,1300,1295,1300,1250,1325,1350,1295,1350,1299,1250,1295,1350,1350,1395,1350,1350,1395,1395,1295
"Victorville","CA","Riverside","San Bernardino",91,,,,,,,,,,,,,1300,1300,1312.5,1300,1295,1350,1297.5,1299.5,1295,1262.5,1250,1250,1250,1295,1299.5,1295,1250,1250,1250,1225,1247,1200,1200,1200,1250,1289,1250,1250,1250,1250,1250,1200,1250,1250,1250,1250,1250,1250,1250,1250,1250,1250,1250,1250,1250,1250,1250,1250,1250,1295,1295,1300,1300,1297.5,1300,1300,1300,1295,1300,1300,1295,1295,1300,1300,1300,1350,1300,1300,1350,1350,1350,1395,1400,1400,1422.5,1400,1400,1467.5,1492.5
"Temecula","CA","Riverside","Riverside",92,,,,,,,,,,,,,2000,1996.5,2000,2087,2000,1995,1992.5,1950,2062.5,1972.5,2000,1997.5,1950,1990,1990,1950,1950,1997,1995,1950,2000,2000,2000,1997,1950,1949,1995,2000,2000,2000,2000,1999,1950,1995,1999,1999,1995,1950,1995,2095,2035,2095,2095,2099,2097,1995,2000,2035,2000,2050,2100,2095,2095,2095,2100,2150,2100,2100,2150,2100,2154.5,2172.5,2136.5,2195,2170,2195,2100,2195,2125,2150,2125,2200,2295,2300,2300,2300,2372.5,2300,2300
"Tracy","CA","Stockton","San Joaquin",93,,,,,,,,,,,,1795,1750,1750,1750,1772.5,1750,1750,1750,1750,1749.5,1772.5,1780,1800,1800,1795,1850,1850,1850,1845,1800,1800,1800,1835,1795,1800,1850,1850,1895,1900,1895,1900,1895,1895,1875,1895,1895,1900,1900,1900,1900,1895,1925,2050,2000,1900,1947.5,1900,1900,1950,2050,2099,2050,2100,2100,2000,2100,2195,2100,2100,2100,2100,2197,2199,2200,2200,2250,2350,2295,2300,2300,2250,2250,2250,2300,2250,2300,2400,2495,2400,2360
"Murrieta","CA","Riverside","Riverside",94,,,,,,,,,,,,1897.5,1800,1885,1975,1975,1850,1895,1950,1925,1895,1950,1950,1900,1895,1895,1900,1900,1900,1900,1850,1862.5,1850,1850,1895,1895,1895,1895,1895,1900,1995,1950,1900,1900,1899,1895,1850,1895,1895,1882.5,1900,1975,1950,1992.5,1907.5,1959,1900,1925,1900,1950,1950,1950,1998,2000,1997,2072.5,2072.5,1999.5,1995,2095,2095,2000,2000,2062.5,2000,2097.5,2195,2080,2100,2100,2095,2100,2095,2105,2200,2200,2199.5,2195,2157.5,2250,2295
"Cambridge","MA","Boston","Middlesex",95,,,,,,,,,,,,,,,,,,,,,,,,,3300,3400,3850,3600,3500,3450,3887.5,3800,3800,3550,4000,3850,4000,4000,3850,4000,3800,3725,3800,3850,3900,3975,3800,3900,3900,3950,3925,3925,3875,3900,4000,3850,3800,3800,3700,3775,3950,4000,4000,4000,4000,4000,3900,3800,3599.5,3500,3500,3600,3900,4000,4050,4350,4025,4000,4000,4000,4000,3900,3895,4100,4100,4250,4300,4400,4400,4250,4200
"College Station","TX","College Station","Brazos",96,,,,,,,,,,,,,,,,1600,1600,1595,1437.5,1400,1197.5,1295,1195,1400,1595.5,1600,1600,1567.5,1575,1500,1482.5,1400,1400,1500,1500,1540,1600,1600,1550,1600,1550,1500,1500,1500,1500,1600,1610,1750,1675,1650,1647.5,1600,1600,1600,1600,1600,1700,1795,1800,1700,1750,1695,1700,1750,1775,1800,1600,1600,1650,1900,2000,1900,1850,1850,1700,1750,1800,1792.5,1600,1625,1912.5,2000,1800,1900,2000,1800,1800,1750,1700,1600,1500
"Carlsbad","CA","San Diego","San Diego",97,,,,,,,,,,,,,,,,,3500,3200,3200,2850,3200,3150,3350,3297.5,3200,3050,2900,3129,3200,3247.5,3147.5,3325,3150,3100,2950,3125,3150,3325,3375,3300,3547.5,3300,3250,3375,3272.5,3200,3450,3400,3400,3400,3400,3350,3400,3447.5,3400,3350,3500,3347.5,3400,3450,3347.5,3347.5,3500,3620,3590,3447.5,3400,3495,3450,3495,3300,3795,3947.5,3647.5,3672.5,3575,3672.5,3600,3500,3550,3400,3499,3500,3685,3600,3600,3697.5,3650,3672.5,3697.5,3672.5
"Jacksonville","NC","Jacksonville","Onslow",98,,,,,,,,,,,,,,1250,1250,1200,1200,1250,1250,1250,1200,1200,1175,1125,1100,1137.5,1200,1250,1250,1250,1200,1200,1197,1150,1100,1100,1100,1125,1160,1200,1200,1185,1150,1125,1150,1100,1100,1100,1095,1095,1100,1200,1200,1200,1200,1200,1175,1100,1125,1100,1100,1150,1195,1200,1200,1175,1175,1125,1100,1100,1100,1100,1095,1100,1150,1200,1195,1197.5,1197,1100,1185,1100,1075,1127,1113.5,1150,1150,1200,1200,1150,1100
"Newton","MA","Boston","Middlesex",99,,,,,,,,,,,,,,,,,,,,,,,,,,,,,,,,,,,,,,,,,,,,,,,,,,,,,,,,,,,,,,,3500,3450,3500,3500,3600,3500,3500,3500,3500,3500,3500,3500,3500,3600,3650,3500,3600,3500,3500,3650,3450,3700,3800,3900,3900,3697.5,3600,3500,3400
"Riverview","FL","Tampa","Hillsborough",100,,,,,,,,,,,,,1475,1400,1500,1500,1472.5,1450,1400,1400,1400,1350,1315,1350,1350,1350,1372.5,1350,1450,1450,1395,1417.5,1425,1400,1400,1485,1462.5,1450,1500,1500,1550,1500,1500,1495,1495,1475,1475,1425,1425,1425,1450,1500,1500,1500,1500,1500,1495,1475,1490,1485,1465,1457.5,1500,1500,1500,1500,1500,1495,1500,1500,1495,1512.5,1525,1525,1500,1500,1550,1550,1550,1550,1550,1565,1525,1567,1585,1600,1600,1625,1640,1625,1650
"Lithonia","GA","Atlanta","Dekalb",101,,,,,,,,,,,,,,,,,1100,1100,1100,1050,1100,1200,1100,1050,1050,1050,1050,1050,1100,1097,1095,1050,1000,1100,1100,1100,1100,1100,1100,1100,1095,1095,1100,1100,1100,1100,1097.5,1050,1050,1050,1050,1100,1095,1105,1100,1100,1085,1097.5,1150,1100,1100,1150,1100,1177.5,1125,1150,1100,1150,1200,1150,1172.5,1150,1150,1150,1170,1150,1150,1240,1200,1242.5,1237,1200,1150,1250,1250,1200,1210,1195,1205,1262,1225
"McDonough","GA","Atlanta","Henry",102,,,,,,,,,,,,,,,,,,,,1300,1200,1250,1297.5,1200,1250,1295,1200,1200,1200,1320,1397.5,1200,1200,1200,1200,1245,1250,1275,1300,1295,1300,1300,1300,1277.5,1262.5,1295,1292.5,1250,1250,1250,1250,1250,1300,1297.5,1325,1250,1275,1250,1250,1250,1250,1300,1325,1375,1331,1375,1383,1375,1350,1365,1370,1357.5,1325,1370,1350,1350,1375,1362.5,1385,1344.5,1362.5,1409.5,1320,1400,1419,1449.5,1422.5,1400,1425,1462.5,1487
"Allen","TX","Dallas-Fort Worth","Collin",103,,,,,,,,,,,,,,,,,,,,,,,,1850,1772.5,1750,1700,1762.5,1825,1870,1795,1750,1800,1795,1850,1750,1800,1795,1895,1812.5,1890,1924.5,1969.5,1850,1900,1920,1950,1945,1922.5,1897.5,1895,1995,1972.5,1900,1885,1895,1899.5,1950,1950,1972.5,1900,1950,1995,2195,2095,1995,2000,2000,1995,1995,1925,1995,1997.5,1950,2047.5,1995,2195,2115,2195,2000,2000,2095,1997.5,2000,2047.5,2085,2197.5,2195,2195,2172.5,2095
"Edmond","OK","Oklahoma City","Oklahoma",104,,,,,,,,,,,,,,,,,,,,,,,,,,,,,,,,,,,,1797.5,1845,1797.5,1795,1872.5,1995,2100,1822.5,1845,1820,1922.5,1995,1795,1795,1750,1750,1795,1750,1795,1772.5,1800,1800,1795,1772.5,1697.5,1695,1795,1895,1795,1710,1795,1795,1795,1795,1700,1695,1695,1695,1695,1695,1647.5,1795,1650,1795,1650,1760,1800,1737.5,1795,1722.5,1695,1782.5,1700,1750,1795,1697.5
"Kennesaw","GA","Atlanta","Cobb",105,,,,,,,,,,,,,1500,1500,1550,1550,1500,1500,1500,1395,1385,1500,1475,1350,1350,1400,1450,1450,1525,1450,1472.5,1450,1400,1395,1400,1450,1400,1400,1450,1492.5,1505,1495,1450,1495,1500,1500,1495,1495,1495,1495,1495,1450,1550,1595,1595,1495,1500,1450,1495,1590,1575,1595,1572.5,1500,1600,1600,1669,1669,1600,1599,1579,1595,1525,1550,1597.5,1650,1650,1650,1672.5,1500,1600,1700,1575,1653,1650,1645,1650,1712.5,1740,1700,1725
"San Tan Valley","AZ","Phoenix","Pinal",106,,,,,,,,,,,,992.5,990,982.5,992.5,997.5,995,990,950,950,950,950,950,949,950,995,995,990,995,995,975,950,950,950,950,990,990,975,975,982.5,992.5,992.5,975,950,950,922.5,945,947,925,950,950,975,982.5,997,995,995,995,995,995,995,995,1010,995,995,1050,1095,1092.5,1075,1050,1050,1095,1050,1075,1095,1150,1150,1175,1100,1150,1150,1155,1100,1150,1150,1195,1200,1300,1295,1300,1295,1262.5
"Suffolk","VA","Virginia Beach","Suffolk City",107,,,,,,,,,,,,,1800,1795,1797.5,1800,1795,1795,1795,1795,1775,1762.5,1795,1795,1795,1795,1725,1762.5,1795,1762.5,1735,1750,1750,1797.5,1795,1795,1795,1800,1795,1795,1795,1780,1750,1700,1800,1750,1750,1750,1750,1767.5,1750,1750,1795,1795,1785,1795,1750,1750,1750,1750,1750,1685,1700,1795,1800,1795,1795,1750,1750,1737.5,1750,1750,1750,1750,1785,1795,1790,1775,1780,1775,1725,1700,1700,1750,1700,1750,1795,1797.5,1750,1780,1795
"Acworth","GA","Atlanta","Cobb",108,,,,,,,,,,,,,,,,,1500,1462.5,1462.5,1400,1400,1450,1400,1400,1397.5,1350,1400,1350,1400,1385,1400,1400,1400,1400,1400,1500,1450,1400,1400,1400,1450,1470,1450,1595,1500,1500,1495,1500,1500,1500,1497.5,1500,1500,1472.5,1495,1500,1550,1495,1450,1439.5,1480,1525,1562.5,1562.5,1500,1595,1577,1575,1580,1575,1595,1590,1562.5,1550,1585,1525,1595,1600,1612.5,1595,1585,1577,1600,1640,1597.5,1650,1640,1650,1625,1650,1600
"Woodstock","GA","Atlanta","Cherokee",109,,,,,,,,,,,,,,,,,1700,1495,1500,1495,1495,1495,1450,1497.5,1497.5,1425,1500,1400,1572.5,1462.5,1500,1450,1500,1500,1400,1495,1474.5,1500,1449.5,1400,1550,1550,1511.5,1559,1497.5,1497.5,1495,1495,1450,1450,1450,1500,1575,1600,1595,1595,1595,1597,1634,1619,1607,1637,1650,1609,1650,1650,1650,1650,1659.5,1600,1650,1650,1635,1650,1650,1650,1699.5,1672.5,1712.5,1697.5,1695,1672.5,1640,1695,1695,1695,1700,1699,1670,1685,1795
"Somerville","MA","Boston","Middlesex",110,,,,,,,,,,,,,,,,,,,,,,,,,,,2800,2875,2950,3000,2837.5,2800,2700,2750,2700,2700,2700,2975,3150,3100,3000,3100,3000,3000,2975,2800,2800,2800,2900,3000,3200,3150,3250,3300,3200,3200,3100,3000,3000,3000,3000,3200,3300,3300,3400,3400,3200,3200,3200,3200,3100,3175,3100,3400,3500,3600,3700,3600,3600,3400,3275,3200,3100,3250,3500,3700,3800,3750,3800,3700,3600
"Canton","GA","Atlanta","Cherokee",111,,,,,,,,,,,,,,,,,1500,1500,1500,1525,1500,1500,1450,1462.5,1485,1475,1462.5,1500,1500,1497.5,1525,1475,1482.5,1497.5,1490,1400,1450,1425,1400,1400,1475,1475,1475,1475,1460,1400,1400,1395,1400,1450,1437.5,1450,1400,1425,1475,1450,1475,1495,1492.5,1492.5,1495,1475,1500,1500,1500,1550,1600,1525,1500,1499,1495,1481,1481,1500,1595,1555,1497.5,1520,1559.5,1495,1599,1500,1500,1510,1500,1587,1595,1625,1640,1610,1595
"Avondale","AZ","Phoenix","Maricopa",112,,,,,,,,,,,,1095,1095,1085,1050,1095,1095,1050,1075,1072.5,1000,1000,995,999,1050,1075,1075,1050,1080,1050,1042.5,1030,1025,1050,1050,1000,1000,1000,1050,1095,1050,1050,1095,1050,1050,1050,1050,1050,1025,1025,1035,1075,1077.5,1075,1062.5,1095,1050,1050,1070,1095,1100,1100,1100,1100,1112.5,1195,1137.5,1112.5,1100,1100,1125,1137.5,1157.5,1172.5,1125,1100,1177,1195,1137.5,1149,1185,1150,1125,1185,1199.5,1250,1285,1250,1275,1250,1275
"Tomball","TX","Houston","Harris",113,,,,,,,,,,,,,,,,,,,,,,,,,,,,,,,,,,,,,,,,,,,,,,,,,1700,1775,1800,1800,1800,1850,1750,1800,1800,1775,1800,1750,1800,1725,1750,1875,1950,1895,1817.5,1850,1900,1950,1800,1800,1800,1900,2000,1972.5,1950,1950,1950,1696,1950,1719,1700,1699.5,1750,1750,1800,1885,1995,2000,1897.5
"The Woodlands","TX","Houston","Montgomery",114,,,,,,,,,,,,,,,,,,,,,,,,,,,,,,,,,,,,,,,2492.5,2575,2650,2762.5,2800,2712.5,2625,2500,2575,2625,2587.5,2500,2425,2400,2400,2400,2500,2525,2500,2500,2500,2575,2750,2675,2600,2600,2575,2550,2600,2600,2500,2475,2500,2500,2500,2500,2400,2550,2449.5,2600,2500,2500,2500,2472.5,2550,2334.5,2400,2300,2300,2300,2300,2300,2350
"Weston","FL","Miami-Fort Lauderdale","Broward",115,,,,,,,,,,,,2600,2600,2600,2650,2700,2700,2780,2750,2700,2700,2700,2700,2700,2600,2600,2700,2750,2725,2775,2725,2700,2800,2700,2700,2600,2600,2700,2700,2800,2800,2800,2870,2900,2850,2800,2825,2800,2800,2800,2800,2850,2900,3000,2950,2900,2900,2990,3000,3000,3100,3000,3025,3150,3000,3100,3175,3100,3075,3100,3100,3150,3000,3000,2947.5,3100,3000,3099.5,3000,3100,3195,2900,3000,2850,3025,3000,3100,3150,3125,3050,3075
"Snellville","GA","Atlanta","Gwinnett",116,,,,,,,,,,,,,,,,,1300,1225,1195,1200,1300,1300,1200,1200,1300,1300,1287.5,1225,1250,1200,1250,1200,1200,1250,1200,1200,1250,1250,1250,1250,1250,1250,1295,1300,1315,1275,1275,1250,1250,1250,1250,1295,1300,1325,1300,1300,1300,1300,1357.5,1347.5,1346,1375,1395,1400,1397,1400,1400,1350,1350,1325,1350,1350,1382.5,1395,1415,1395,1470,1475,1439.5,1400,1438.5,1475,1399,1400,1454.5,1495,1499,1497,1555,1514.5,1499.5
"Kissimmee","FL","Orlando","Osceola",117,,,,,,,,,,,,,1237.5,1283,1258,1200,1250,1250,1250,1295,1295,1250,1250,1250,1200,1200,1275,1300,1350,1350,1400,1397.5,1397.5,1350,1350,1350,1400,1450,1547.5,1492.5,1450,1450,1450,1500,1495,1475,1500,1495,1450,1450,1425,1595,1599.5,1500,1367.5,1400,1400,1395,1395,1395,1400,1495,1450,1450,1495,1495,1497.5,1450,1475,1500,1495,1485,1472,1500,1525,1500,1500,1500,1500,1548.5,1500,1512.5,1500,1550,1500,1597.5,1600,1600,1595,1597.5,1550
"Medford","MA","Boston","Middlesex",118,,,,,,,,,,,,,,,,,,,,,,,,,,,,2650,2400,2400,2400,2600,2600,2625,2650,2600,2700,2700,2800,2800,2600,2600,2600,2550,2600,2400,2400,2600,2300,2600,2700,2750,2800,2800,2700,2750,2700,2650,2500,2500,2675,2700,2800,2875,3000,2850,2800,2800,2800,2800,2700,3000,3000,2950,3000,3000,3200,3000,2800,2600,2800,2600,2675,2800,2800,2950,3000,3100,3200,3200,3000
"Eastvale","CA","Riverside","Riverside",119,,,,,,,,,,,,,,,,,,,,,,,,,,,2400,2325,2300,2325,2300,2300,2300,2300,2350,2325,2300,2300,2300,2295,2265,2300,2300,2300,2350,2300,2300,2300,2300,2300,2300,2300,2350,2400,2350,2300,2340,2300,2300,2300,2377.5,2350,2400,2372.5,2400,2450,2400,2400,2400,2400,2400,2450,2400,2450,2450,2425,2450,2525,2500,2350,2452.5,2500,2500,2500,2550,2570,2600,2550,2550,2565,2595
"Valrico","FL","Tampa","Hillsborough",120,,,,,,,,,,,,,,1650,1595,1550,1525,1695,1600,1600,1600,1600,1600,1595,1590,1600,1600,1600,1622.5,1600,1500,1500,1525,1500,1600,1650,1700,1772.5,1797.5,1750,1750,1750,1700,1675,1685,1700,1700,1750,1700,1700,1695,1750,1700,1700,1750,1775,1700,1700,1675,1637.5,1650,1650,1675,1742.5,1757.5,1750,1700,1750,1695,1700,1700,1800,1800,1795,1795,1837.5,1745,1750,1722.5,1749,1745,1700,1772.5,1775,1795,1797.5,1865,1935,1969.5,1870,1825
"Atascocita","TX","Houston","Harris",121,,,,,,,,,,,,,,,,,,,,,,,,,,,,,,,,,,,,,,,,,,,,,,,,1780,1637.5,1620,1600,1612.5,1600,1700,1750,1595,1595,1600,1600,1650,1729,1750,1750,1749,1700,1700,1699.5,1775,1745,1750,1754.5,1750,1762.5,1799,1995,1750,1729,1709.5,1729,1717.5,1749.5,1779,1650,1700,1709,1695,1725,1775,1795,1775,1795
"The Hammocks","FL","Miami-Fort Lauderdale","Miami-Dade",122,,,,,,,,,,,,,,,,,2200,2025,2100,2200,2200,2200,2150,2200,2200,2200,2175,2175,2100,2175,2200,2200,2200,2200,2200,2200,2200,2300,2300,2250,2300,2320,2330,2300,2300,2299,2200,2268,2225,2200,2200,2200,2200,2200,2250,2300,2300,2275,2300,2300,2250,2250,2400,2300,2325,2300,2200,2325,2400,2400,2400,2400,2400,2400,2382.5,2495,2450,2500,2320,2450,2350,2287.5,2262.5,2250,2300,2343.5,2400,2425,2412.5,2497.5,2500
"Spring","TX","Houston","Harris",123,,,,,,,,,,,,,,,,,,,,,,,,,,,,,,1525,1500,1525,1450,1400,1500,1650,1500,1500,1525,1600,1570,1550,1625,1650,1550,1525,1525,1550,1500,1500,1600,1670,1600,1650,1625,1600,1625,1650,1650,1650,1625,1649.5,1650,1700,1650,1675,1650,1650,1625,1650,1650,1650,1650,1662.5,1695,1725,1669,1695,1697,1700,1690,1699.5,1692.5,1650,1600,1600,1600,1600,1645,1650,1650
"Brookline","MA","Boston","Norfolk",124,,,,,,,,,,,,,,3100,3100,3000,3000,3100,3100,3199.5,3050,3250,3250,3400,3300,3400,3400,3500,3300,3300,3300,3400,3500,3600,3650,3650,3550,3500,3600,3600,3600,3600,3600,3600,3500,3700,3700,3747.5,3800,3800,3900,3800,3800,3800,3800,3700,3600,3800,3900,3950,3950,3900,3900,3900,3900,3850,3800,3600,3600,3800,4000,4200,4100,4000,4000,3900,3875,3850,3700,3800,3800,3700,3900,4050,4050,3967.5,4000,4050,4000,4000,4000
"Homestead","FL","Miami-Fort Lauderdale","Miami-Dade",125,,,,,,,,,,,,1450,1450,1600,1600,1575,1450,1500,1500,1500,1550,1500,1450,1495,1472.5,1475,1475,1425,1450,1450,1350,1450,1450,1500,1500,1550,1595,1600,1600,1592.5,1592.5,1625,1550,1550,1575,1600,1600,1600,1550,1550,1550,1500,1600,1600,1600,1587.5,1550,1625,1650,1600,1575,1612.5,1625,1650,1600,1595,1750,1750,1600,1650,1737.5,1737.5,1800,1800,1774.5,1799,1850,1800,1775,1850,1810,1650,1800,1787.5,1837.5,1800,1800,1850,1800,1825,1850
"Johns Creek","GA","Atlanta","Fulton",126,,,,,,,,,,,,,,,,2000,2000,1895,1950,1850,1900,1850,1800,1850,1825,1900,1920,1890,1850,1900,1950,1800,1800,1872.5,1862.5,1875,1850,1800,1850,1850,2000,2095,1950,2000,1950,1800,1925,1887.5,1995,1995,1950,2000,2000,1950,2000,1950,1950,1895,2000,2000,1900,1950,2000,2000,2050,2100,2000,2062.5,2062.5,2100,2100,2000,1950,2050,2200,2000,2025,2100,2200,2125,2100,2000,2072.5,2000,2150,2130,2100,2130,2100,2145,2200
"Doral","FL","Miami-Fort Lauderdale","Miami-Dade",127,,,,,,,,,,,,2500,2500,2500,2500,2500,2600,2600,2600,2500,2500,2500,2500,2600,2600,2650,2695,2700,2700,2700,2595,2590,2600,2600,2700,2590,2550,2600,2700,2800,2725,2700,2675,2600,2650,2600,2650,2650,2600,2600,2590,2650,2750,2800,2750,2750,2750,2700,2700,2700,2800,2800,2800,2899,3000,2850,2900,3000,3000,2900,2900,2900,2900,2900,2900,3000,2800,2850,2850,2950,2850,2900,2700,2800,2900,2900,2900,2900,3000,3000,2992.5
"Little Elm","TX","Dallas-Fort Worth","Denton",128,,,,,,,,,,,,,,,,,,,,,,,,,,,,,,,,,,,,,,1695,1650,1650,1599,1600,1650,1600,1625,1600,1597.5,1600,1600,1595,1600,1650,1700,1650,1650,1695,1695,1700,1712.5,1750,1700,1737.5,1697.5,1750,1772.5,1835,1850,1850,1795,1750,1800,1850,1825,1850,1850,1975,1795,1795,1872.5,1850,1900,1850,1795,1795,1850,1842,1950,1972.5,1900,1950,1900
"Suwanee","GA","Atlanta","Gwinnett",129,,,,,,,,,,,,,,,,,,,,,1500,1600,1547.5,1547.5,1600,1500,1550,1600,1625,1600,1650,1600,1700,1649,1600,1595,1600,1500,1600,1600,1695,1650,1597.5,1600,1650,1695,1745,1722.5,1700,1700,1650,1650,1650,1750,1800,1800,1775,1750,1700,1700,1700,1750,1820,1800,1800,1837.5,1750,1725,1800,1700,1850,1840,1850,1825,1800,1797.5,1815,1750,1834.5,1850,1750,1875,1775,1790,1790,1799,1850,1892.5,1895,1897.5,1850
"Windermere","FL","Orlando","Orange",130,,,,,,,,,,,,,,,,,,,,,,,,,1925,2200,2147.5,2275,2200,2250,2125,1995,2125,2000,2212.5,2000,1975,1995,2097.5,2250,2295,2297.5,2295,2247.5,2200,2195,2100,2100,2100,2100,2100,2050,1900,1999.5,2000,2000,2072.5,1995,1995,2062.5,2100,2100,2200,2187.5,2300,2175,2350,2300,2275,2172.5,2125,2150,2175,2300,2650,2375,2500,2225,2225,2475,2300,2300,2312.5,2350,2397.5,2325,2500,2575,2450,2695,2574.5
"Newport","RI","Providence","Newport",131,,,,,,,,,,,,,,,,,,,,,,,,,,,,,,,,,,,,,,,,,,,,,,,,,,,,,,,,,,,,,,,,,,,,,,,,,,,,,,2200,2300,2285,2425,2447.5,2375,2500,2750,2775,2600,2600,2450,2650,2400
"Richmond","TX","Houston","Fort Bend",132,,,,,,,,,,,,,,,,,,,,,,,,,,,,,,,,,,,,,,,,,,,,,,,,,1700,1700,1800,1925,1950,2047.5,2100,2100,1972.5,1950,2000,2072.5,2000,1950,2000,2100,1995,1950,1900,1885,1950,1900,1900,1900,1895,1950,1995,1850,1997.5,1887,1800,1900,1950,1824.5,1800,1950,1950,1900,1950,1975,1900,1950,1992.5
"Grovetown","GA","Augusta","Columbia",133,,,,,,,,,,,,,,,,,,,,,,,,,,,,,,,,,,,,,,1295,1297.5,1295,1275,1275,1237.5,1200,1225,1250,1250,1250,1250,1250,1250,1250,1250,1295,1295,1295,1295,1250,1275,1295,1350,1297.5,1295,1295,1300,1300,1350,1300,1295,1285,1300,1300,1300,1350,1395,1395,1395,1350,1395,1275,1297.5,1275,1312.5,1325,1337.5,1397.5,1400,1395,1350,1350,1395
