"RegionName","State","Metro","CountyName","SizeRank","2010-01","2010-02","2010-03","2010-04","2010-05","2010-06","2010-07","2010-08","2010-09","2010-10","2010-11","2010-12","2011-01","2011-02","2011-03","2011-04","2011-05","2011-06","2011-07","2011-08","2011-09","2011-10","2011-11","2011-12","2012-01","2012-02","2012-03","2012-04","2012-05","2012-06","2012-07","2012-08","2012-09","2012-10","2012-11","2012-12","2013-01","2013-02","2013-03","2013-04","2013-05","2013-06","2013-07","2013-08","2013-09","2013-10","2013-11","2013-12","2014-01","2014-02","2014-03","2014-04","2014-05","2014-06","2014-07","2014-08","2014-09","2014-10","2014-11","2014-12","2015-01","2015-02","2015-03","2015-04","2015-05","2015-06","2015-07","2015-08","2015-09","2015-10","2015-11","2015-12","2016-01","2016-02","2016-03","2016-04","2016-05","2016-06","2016-07","2016-08","2016-09","2016-10","2016-11","2016-12","2017-01","2017-02","2017-03","2017-04","2017-05","2017-06","2017-07","2017-08"
"New York","NY","New York","Queens",1,,,,,,,,,,,,,,,,,,,,,,,,,,,,,,,,,,,,,,,,,,,,,,,,,,,,,,,,,,,,,,,,,,,,,,,,,,599000,5e+05,575000,519000,545000,549000,549000,550000,560500,575000,599000,615000,650000,645000,638500,669000,675000,665000,669000
"Los Angeles","CA","Los Angeles-Long Beach-Anaheim","Los Angeles",2,,,,,,,,,,,,,,,,,,,,,,,,,,,,,,,,,,,,,,,,,,,,,,,,369000,369999.5,360000,349000,374000,365000,359000,374950,375000,385000,375000,359923,349999,359000,415000,415000,449000,450000,439000,429000,425000,435000,449945,459000,459000,469495,485000,475000,488000,479000,479500,489000,478800,495000,499000,519900,517000,515000,515000,517450,5e+05,510450,499000,5e+05,526500
"Chicago","IL","Chicago","Cook",3,,,,,,,,,,,,,,,,,,,,,,,,,,,,,,,,,,,,,,,,,,,,,,,201750,205000,189000,199900,215000,219900,214000,214950,215000,214000,209000,208900,196750,165000,169500,199900,2e+05,205000,209000,209000,214894,215000,215000,209000,2e+05,206000,209000,209949.5,210000,219000,220000,220000,219999.5,218600,223950,217900,214950,215000,214000,224250,225000,225000,229900,230000,235000,229000
"Houston","TX","Houston","Harris",4,,,,,,,,,,,,,,,,,,,,,,,,,,,,,,,,,,,,,,,,,,,,,,,,,,,,,,,,,,,,,141750,141000,149900,149900,148450,139900,150000,149000,152000,165000,156000,155000,149900,150000,151726,167475,169950,169900,167500,172150,174990,169900,173000,174875,170900,169900,172300,169999,165000,165000,159000,156888
"Philadelphia","PA","Philadelphia","Philadelphia",5,275000,279000,275000,275000,275000,275000,272450,265000,260000,259450,249999,249000,249999.5,259900,248500,229900,235000,234000,225000,227550,219900,199000,229900,219950,220443,228000,239900,233990,2e+05,219900,234900,235000,229950,235000,235000,239900,245000,239900,244950,249825,245000,239900,249950,249000,247000,249000,259000,259000,249950,259000,268250,269000,264500,265000,269900,275000,275000,269000,239900,235000,260000,269900,275000,274900,275000,280000,274900,269900,277450,285000,285000,280000,279750,289000,285000,284500,279900,283000,280000,276000,284950,285000,289000,293774,299500,299900,310000,309900,299900,299000,295000,294000
"Phoenix","AZ","Phoenix","Maricopa",6,,,,,,,,,,,,,,,,,,,,,,,,,,,,,,,,,,,,,,,,,,,,,,,,,,,,,,,,,,,,,,,,,,,,,,,,,,,,,,,,129000,129000,137500,120000,119450,136000,141450,142900,132499.5,142000,149999.5,149900,147250
"San Diego","CA","San Diego","San Diego",7,,,,,,,,,,,,,,,,,,,,,,,,,,,,,,,,,,,,,,,,,,,,,,,249000,259000,255000,250000,260000,269900,265000,287000,289000,275000,265000,269900,275000,265000,259000,261500,274000,272450,280000,288000,310000,305000,295000,310000,310000,315000,322000,327000,329000,329000,324700,324900,334900,336500,325000,319900,319000,325000,341950,340000,349000,348250,351250,359949.5,354900,350000
"Dallas","TX","Dallas-Fort Worth","Dallas",8,,,,,,,,,,,,,,,,,,,,,,,,,,,,,,,,,,,,,,,,,,,,,,117500,120000,115900,121500,117450,119950,132000,129450,122500,117500,122250,120000,119950,122500,124995,128500,127000,129000,135000,135000,139900,139450,140000,139450,130000,134950,148500,151500,149500,154900,159950,160000,165000,168500,170000,170000,171900,169450,173700,174900,171250,179950,197000,179900,173000,175000,186000
"San Jose","CA","San Jose","Santa Clara",9,,,,,,,,,,,,,,,,,,,,,,,,,,,,,,,,,,,,,,,,,,,,,,,329900,335000,329950,319450,329900,335000,374944,375888,354499.5,368000,375000,375000,365000,373500,384950,399500,399925,399000,395000,399000,397000,420000,448000,422500,425000,399950,399950,399950,419000,449000,473500,471500,439450,432500,429000,422000,435000,450000,469000,467000,470000,469975,464000,508888,429950,485000
"Jacksonville","FL","Jacksonville","Duval",10,,,,,,,,,,,,,,,,,,,,,,,,,,,,,,,,,,,,,,,,,,,,,,,65400,59900,66950,65000,69900,72500,69900,69900,68400,67400,66500,70900,69900,69900,65500,64900,69900,71000,75000,67800,66900,72900,69900,72900,67650,74000,82900,82500,77000,74950,79250,79700,84700,78749.5,84950,86480,86480,81000,80000,88000,79500,91700,98500,95000,95000,94250
"San Francisco","CA","San Francisco","San Francisco",11,,,,,,,,,,,,,,,,,,,,,,,,,,,,,,,,,,,,,,,,,,,,,649500,645000,629500,625000,649000,649000,649000,695000,710000,699000,699000,695000,699000,729000,739000,702332.5,673500,750000,770000,774500,785000,779000,785000,780000,799000,799250,799000,828000,799000,829888,825500,849000,848500,799000,799000,799000,799000,8e+05,820000,799000,827500,849000,825000,849000,849000,849000,879000,875000
"Indianapolis","IN","Indianapolis","Marion",12,,,,,,,,,,,,,,,,,,,,,,,,,,,,,,,,,,,,,,,,,,,,,,,,,,,,,,,,,,,,,,,,,,,,,,,,,,,,74950,78000,78000,81950,83400,85500,89900,78950,82900,79900,78900,76900,87000,77950,78900,77900,77900
"Fort Worth","TX","Dallas-Fort Worth","Tarrant",13,,,,,,,,,,,,,,,,,,,,,,,,,,,,,,,,,,,,,,,,,,,,,,,,,,,,,,189450,215000,209000,215000,225000,220000,235000,225000,192000,202475,187450,192000,202425,199450,195000,195000,212000,214950,212000,214950,220000,227000,227950,234900,225000,218900,209487.5,212000,227544.5,225255.5,225511,239040,244950,258950,249900,235000,225255.5,225255.5,229900
"Memphis","TN","Memphis","Shelby",14,,,,,,,,,,,,,,,,,,,,,,,,,,,,,,,,,,,,,,,,103950,109900,114950,116400,115000,117450,109900,129450,123700,133900,135900,129000,129900,137500,129900,137500,125000,114900,129500,129250,126625,129500,115000,115450,119000,127500,127500,127500,127500,127500,131450,125000,127500,127500,127500,149450,149900,149900,139900,149900,149000,139900,139900,139900,127400,129900,129900,145000,155000,149900,156900,162400,165500
"Charlotte","NC","Charlotte","Mecklenburg",15,,,,,,,,,,,,,,,,,,,,,,,,,,,,,,,,,,,,,,,,,,,,,,,141750,144700,144700,155500,154900,150000,154500,154500,153500,148900,154500,161250,155950,165000,149950,164950,164950,179900,179900,180000,198495,199850,186200,189900,182450,179900,189900,189900,189900,188788,186600,187687.5,178999.5,183500,185500,188450,191000,191000,199900,195000,218700,218700,199000,199900,192200,199900
"Boston","MA","Boston","Suffolk",16,349950,359000,350000,349900,349000,349000,341000,339948.5,339900,339900,342450,339000,339000,329000,326250,324950,347000,335750,329900,329000,331500,329000,318470,299000,329900,326500,329000,329000,327500,324500,329000,324950,327000,325000,339997.5,346000,389900,394500,379450,379950,399000,379900,389000,409000,409000,399000,427000,415000,427450,425000,409000,399499.5,415000,399000,419000,425000,457000,455000,474900,489900,499000,480000,449999,462000,475000,479000,489500,495000,489000,498000,492450,494900,494900,524950,502500,527500,528250,529000,517500,529000,535000,507450,519000,535000,559000,599000,599000,619000,625000,599990,635000,650000
"Seattle","WA","Seattle","King",17,,,,,,,,,,,,,,,,,,,,,,,,,,,,,,,,,,,,225000,225000,229000,229000,239950,245000,249450,249900,245000,249925,250000,259000,250000,250000,253450,250000,260000,263700,275000,275000,279950,279900,279975,281000,275000,275000,295975,315000,324750,325000,331900,331900,339925,360000,358750,366900,370950,385000,380000,359000,350000,369000,375000,389000,379000,379500,380000,350000,375000,369997.5,369972.5,349250,359975,385000,399888,419999,425000
"Denver","CO","Denver","Denver",18,,,,,,,,,,,,,,,,,,,,,,,,,,,,,,,,,,,,,,,,,,,,,,,,,,,,,,,,,,,,,233000,242500,219499.5,240000,239950,246200,264950,265000,273000,287500,289000,269950,275000,287500,294237.5,295900,3e+05,295000,278950,279900,288000,289900,297000,289900,289000,298500,298500,299999,290000,299950,3e+05,280000
"Washington","DC","Washington","District of Columbia",19,277000,280000,299000,306500,299000,295000,298950,299900,299900,299900,299900,295777.5,294950,295500,299250,295500,299250,299999.5,268000,305000,299000,289000,299000,299000,275000,295000,299900,309870,319000,324900,320000,314900,314900,315000,313950,312000,307200,299900,314500,325000,329000,334555,335000,330950,328250,325000,327500,325000,325000,329000,339000,330000,335000,336250,329500,325000,349000,349900,335000,334450,334450,325000,334000,339000,349000,349900,330000,359000,364499.5,369000,366000,359900,359900,369000,357000,369500,365000,361000,359000,350000,342500,359000,349900,350000,349900,369600,369000,379000,375000,382500,386750,385000
"Nashville","TN","Nashville","Davidson",20,,,,,,,,,,,,,,,,,,,,,,,,134900,139900,149450,157900,159000,158000,156500,156900,149900,135000,139900,149900,149900,162450,167000,164975,169900,169900,177450,169950,189000,195000,198500,189900,199000,207445,206900,209250,210900,204900,212000,216900,215000,210000,219900,216999,232450,229450,231500,219900,239900,235000,224750,219900,235000,239000,259900,267000,267000,254900,249950,249950,249000,251000,255450,242500,239950,239450,239900,249900,237250,249900,267000,280950,285000,269900,274900,275000,282400
"Milwaukee","WI","Milwaukee","Milwaukee",21,,,,,,,,,,,,,,,,,,,,,,,,,,,,,,,,,,,,,,147400,141900,135000,134900,135000,129450,129450,129900,129900,129900,125000,124950,139000,135100,146900,146900,141200,153700,169500,169900,169450,168500,166750,165000,144900,154900,159900,160650,159000,164900,157450,149900,149000,142900,144900,139900,140000,143900,158000,165000,164450,150000,149950,139900,139900,139900,145900,139900,148900,142900,148000,149999.5,169000,169900,159900
"Portland","OR","Portland","Multnomah",22,,,,,,,,,,,,,,,,,,,,,,,,174900,175000,173950,175000,189000,185896.5,179777,179999.5,180000,184900,2e+05,209500,225000,229900,229450,225000,235000,227000,239500,230000,245000,238944,239250,240000,248500,240000,249950,275000,265000,250000,265000,278500,269900,267000,265000,264900,264000,254950,259000,275000,285000,295000,277101,279000,279000,279900,289900,289000,289000,289000,319900,322500,299900,319995,339900,334950,342750,329500,325000,317000,307000,322500,349900,347400,335000,349900,349900,350000,350000
"Sacramento","CA","Sacramento","Sacramento",23,,,,,,,,,,,,,,,,,,,,,,,,,,,,,,,,,,,,,,,,,,,,,,,,,,,,,,,,,,,,,,,,,,,,,,,,,,,,169500,188000,189900,188000,181500,199900,199900,209000,229000,229000,210000,225888,204250,197450,218500,217000,210000
"Long Beach","CA","Los Angeles-Long Beach-Anaheim","Los Angeles",24,,,,,,,,,,,,,,,,,,,,,,,,,,,,,,,,,,,,,,,,,,,,,,,,,,,265950,279900,279900,279900,273500,280000,280000,269000,259900,255000,277000,262500,250000,252000,249450,239900,245000,250944,279972,282236,279972,289000,299000,298950,299950,298950,295000,298000,309900,320950,309995,305000,315000,307000,315000,316000,318000,324999,332250,337300,339000,329450
"Virginia Beach","VA","Virginia Beach","Virginia Beach City",25,,,,,,,,,,,,,,,,,,,,,,,,,,,,,,,,,,,,,,,,,,,,,,,,,,,,,,,,,,,,,,,,,,,,,,,,,,165000,165000,164900,167475,163875,161500,158800,158800,153000,153000,140000,144250,149000,151450,154500,177450,169500,159750,169500
"Colorado Springs","CO","Colorado Springs","El Paso",26,,,,,,,,,,,,,,,,,,,,,,,,,,,,,,,,,,,,,,,,,,,,,,110000,109950,111000,112500,109950,104750,93000,99000,113500,109000,105500,110750,114000,115000,119900,119900,119900,128750,121000,131850,129500,124450,126000,128400,127500,130000,139900,144900,141750,145400,147500,140450,150000,155000,150000,146950,143000,140000,142500,135000,134900,145000,145000,155000,155000,150000,165000
"Atlanta","GA","Atlanta","Fulton",27,,,,,,,,,,,,,,,,,,,,,,,,,,,,,,,,,,,,,,,,,,,,,,,139900,137175,139850,149000,149777,145000,145000,149900,150000,156200,157400,156500,159900,152000,159900,160000,159900,164900,162950,164900,165000,170000,174900,172500,174950,169950,169950,175000,173500,175000,175000,174900,169900,175000,180000,185000,188000,189000,190000,189900,195000,192000,190000,195000,199900,199900
"Miami","FL","Miami-Fort Lauderdale","Miami-Dade",28,,,,,,,,,,,,,,,,,,,,,,,,,,,,,,,,,,,,,,,,,,,,,,,3e+05,310000,314450,319000,319900,323900,325000,323900,325000,325000,325000,325000,335000,335000,330000,330000,329000,324949.5,320000,318200,319838.5,320000,320000,325000,336945,338000,337950,340000,335000,335000,334700,330000,330000,330000,330000,329000,325000,329000,329000,325000,324750,320000,323777,325000,325000,327000
"Oakland","CA","San Francisco","Alameda",29,,,,,,,,,,,,,,,,,,,,,,,,,,,,,,,,,,,,,,,,,,,,,,,,,,,,310000,309000,324000,325000,316400,312450,327000,322000,315000,310000,315000,339000,327000,347000,368000,379700,389000,392000,395000,443500,399000,442000,442500,422499.5,412000,407500,399950,424750,449000,449000,439000,425000,429000,429000,495000,499000,494000,454500,499000,450000,479000
"Honolulu","HI","Urban Honolulu","Honolulu",30,269000,270000,275000,280000,275000,267999.5,260000,250000,265000,265000,260000,265000,268250,259250,265500,260000,260000,268000,285000,289000,295000,299000,299000,299000,305000,305000,305000,301650,305450,296850,298000,300100,3e+05,289000,309000,309300,310000,315000,310000,319000,325000,299999,325000,329000,320000,318000,320000,319000,329000,329000,338800,345000,345000,299975,298944,299000,297250,298000,325000,329800,330000,330000,345000,346000,345000,339000,345000,345000,345000,345000,339000,345000,349000,328888,348500,348000,346500,350000,357750,350000,350000,350000,350000,355000,355000,355000,355000,349000,349000,350000,365000,368000
"Minneapolis","MN","Minneapolis-St Paul","Hennepin",31,,,,,,,,,,,,,,,,,,,,,,,,,,,,,,,,,,,,,,,,,,,,,,,,,,,,,,,,,,,,,,,,164900,155000,149900,151950,146000,152450,149900,153900,174500,177450,174900,174900,169900,159900,159000,149900,150000,150000,146950,159900,155000,161500,174900,167400,179900,184950,174900,169900,169900
"New Orleans","LA","New Orleans","Orleans",32,,,,,,,,,,,,,,,,,,,,,,,,,,,,,,,,,,,,,,,,,,,,,,,,,,,,,,,189000,194000,210000,229000,225000,212000,227000,220000,234500,250000,265000,259530,259000,269000,269000,269000,274900,278139,292235,291870,291870,292600,292600,287970,278950,278900,272500,278950,279000,278369.5,278369.5,279000,275000,265000,275000,275000,279000,275000
"Santa Ana","CA","Los Angeles-Long Beach-Anaheim","Orange",33,,,,,,,,,,,,,,,,,,,,,,,,,,,,,,,,,,,,,,,,,,,,,,,185000,189450,188700,185000,186550,189900,194700,189900,185000,199900,185000,195000,199000,196500,189888,189900,199949.5,199000,207000,219950,215000,215000,219900,217500,210000,209000,210000,210000,210000,229450,220000,235888,231709,226265,240000,247000,249999.5,249997,249000,247000,245000,252500,258000,259899.5,262449.5,259900
"Aurora","CO","Denver","Arapahoe",34,,,,,,,,,,,,,,,,,,,,,,,,,,,,,,,,,,,,,,,,,,,,,,,,,,,,,,,,,,,,,,,,,,,,,,,,,,126000,127950,135000,134900,125000,120000,136250,138500,150000,149900,149450,142000,146000,150000,153950,153000,150000,150000,149436.5
"Saint Louis","MO","St. Louis","Saint Louis City",35,,,,,,,,,,,,,,,,,,,,,,,,,,,,,,,,,,,,,,,,,,,,,,,,,,99742.5,95000,110000,102900,102900,99999,97999,103000,109950,97999,99000,104450,104900,106900,109400,112400,102250,99950,90362.5,99900,102450,102450,99999,115000,109750,103500,114900,115800,119900,119700,109900,113450,117450,124900,110500,110000,124900,120000,124900,124900,120950,123400,124950
"Corpus Christi","TX","Corpus Christi","Nueces",36,,,,,,,,,,,,,,,,,,,,,,,,,,,,,,,,,,,,,,,,,,,,,,,,,,,,,,,,,,,,,,,,,,,,,,,,,,129000,137900,120000,119950,122500,119900,135000,132450,121000,132400,127400,123700,115000,119500,123700,132400,132400,139900,139900
"Pittsburgh","PA","Pittsburgh","Allegheny",37,,,,,,,,,,,,,,,,,,,,,,,,135000,129000,129900,129000,124900,129900,129900,129900,139000,129450,144450,135950,137450,134900,139500,134900,139900,155000,139900,137450,137450,135000,129000,142445,129900,144450,164950,168500,149900,139900,137450,149000,159900,169000,162500,140995,140995,149950,155900,155900,165000,159900,167450,179000,165000,182000,154900,172000,157400,149900,154900,149900,169000,167000,179995,178250,185000,195888,184900,197000,219000,205000,175000,167500,159500,150000,169900,194950,199500
"Marietta","GA","Atlanta","Cobb",38,,,,,,,,,,,,,,,,,,,,,,,,,,,,,,,,,,,,,,,,,,,,,,,,,,,,,,,,,,,,,,,,,,,,,,,,,,,132450,117000,106000,115000,115000,106125,109700,108300,110000,98750,99900,99900,114900,128607.5,117450,129000,125000,122500
"Anchorage","AK","Anchorage","Anchorage",39,,,,,,,,,,,,,,,,,,,,,,,,,,,,,,,,,,,129900,122700,129900,110000,107000,110000,122000,108500,115000,109000,110000,105000,103950,109000,125000,120000,130000,128000,135000,129500,125000,121000,119000,124000,120500,119950,128450,118500,124900,120000,129250,136500,135000,138000,136500,132500,132000,134000,137250,132500,133500,134000,128500,127000,125000,125000,129250,123145,129000,122790,123500,127450,124250,114900,116200,114900,118000,124500
"Saint Paul","MN","Minneapolis-St Paul","Ramsey",40,,,,,,,,,,,,,,,,,,,,,,,,,,,,,,,,,,,,,,,,,,,,,,,,,,,,,,,,,,,,,,,,,,,,,,,,,,,,,,,165000,150000,141450,139450,136950,129900,139900,139900,156900,158000,157000,139900,150000,149950
"Louisville","KY","Louisville/Jefferson County","Jefferson",41,,,,,,,,,,,,,,,,,,,,,,,,,,,,,,,,,,,,,,,,,,,,,,,64900,64900,65000,64900,63200,69000,69900,69000,69000,69900,71400,69699,70000,73000,69950,75000,78900,80000,89900,89900,84200,84700,79900,81900,85000,80000,74900,75000,75000,79500,81500,84000,81499.5,78700,83500,84900,79950,74900,74900,80950,84000,84950,84900,79900,84450,80000
"Henderson","NV","Las Vegas","Clark",42,,,,,,,,,,,,,,,,,,,,,,,,,,,,,,,,,,,,,,,68600,77200,74950,72000,74950,72000,75888,75000,72700,74900,73000,75000,74450,79000,75000,76388.5,75000,74900,81450,79000,84900,83950,82500,95495,88000,89000,87000,89000,89450,95450,87000,87000,87500,88750,89990,85500,86400,86500,86500,85000,89999.5,90000,89900,99900,99900,96500,92750,99000,107450,99900,107700,99950,114450,119000
"Jersey City","NJ","New York","Hudson",43,,,,,,,,,,,,,,,,,,,,,,,,,,,,,,,,,,,,,,,,,,,,,,,,,,,,,,,,,,,,,,,,,,,,,,,,,,,,,,399500,449000,389000,399000,385000,399000,399000,427500,435000,419000,422499.5,425000,425000,384900,433749.5
"Orlando","FL","Orlando","Orange",44,,,,,,,,,,,,,,,,,,,,,,,,,,,,,,,,,,,,,,,,,,,,,,,65000,60000,60999,60880,60000,59900,60000,64500,64947.5,63900,60000,60950,59900,60000,62000,61900,60000,64900,64997.5,69900,72000,75000,75000,76975,79000,79000,79000,81125,83000,83749.5,80000,83900,85000,84900,85000,84000,80000,80000,85000,85000,88000,89836.5,89900,91000,89900,88900
"Norfolk","VA","Virginia Beach","Norfolk City",45,,,,,,,,,,,,,,,,,,,,,,,,149450,149000,142500,138250,139500,146000,145000,140750,162500,169000,169000,162500,165000,171950,168500,165000,164450,177495,164450,178000,178995,187495,179000,179000,174900,169000,169000,172400,169900,164950,165000,168000,169000,169450,151750,150500,150000,156250,153500,167500,169500,169500,169900,171249.5,174900,169999,165000,163000,159990,163950,164900,165000,169899.5,169900,169900,169900,167450,160000,169000,147900,152500,162500,171000,175000,192000,175000,178000,180000,179900
"Hialeah","FL","Miami-Fort Lauderdale","Miami-Dade",46,,,,,,,,,,,,,,,,,,,,,,,,,,,,,,,,,,,,,,,,,,,,,,,,,,,,,,,,,,,,,,,,,,,,,,,,,,104900,1e+05,104900,105900,105900,110000,110000,110000,110000,110000,110000,113000,114999,113500,114999,115900,115450,125000,119950
"Fort Myers","FL","Fort Myers","Lee",47,,,,,,,,,,,,,,,,,,,,,,,,,,,,,,,,,,,,,,,,,,,,,,,,,,,,,,,,,,,,,,,,,,,,,,,,,,,,,75000,75000,74700,75000,75450,80950,77850,79949.5,79900,78500,77000,85000,85000,84500,82950,79900
"Arlington","VA","Washington","Arlington",48,,,,,,,,,,,,,,,,,,,,,,,,275000,260000,275000,304500,292450,289900,299825,299999.5,299000,299750,282400,3e+05,315000,328800,326950,327000,334925,329950,329850,318999.5,319949,319499,319499,299900,315000,298375,302000,309949.5,308000,310000,310000,309500,308725,309250,313500,309900,309500,309700,299700,309900,315000,311900,299000,269900,315000,314900,309700,312150,321850,339900,347000,344950,344950,339900,339900,339900,330000,316000,315000,315000,296500,298250,3e+05,3e+05,3e+05,310000,319000,317000,299900
"Irvine","CA","Los Angeles-Long Beach-Anaheim","Orange",49,,,,,,,,,,,,,,,,,,,,,,,,,,,,,,,,,,,,,,,,,,,,345000,346450,329000,324500,345000,339650,325000,358000,329700,349000,353000,349900,339000,349950,387950,328000,302500,323000,356000,351500,343500,366900,379000,388000,381500,381500,363650,359900,369000,369449.5,376500,375000,369999,376500,389900,389900,384450,399000,394444,403000,399000,417250,409400,399900,414450,435000,412500,398750,398750
"Glendale","CA","Los Angeles-Long Beach-Anaheim","Los Angeles",50,,,,,,,,,,,,,,,,,,,,,,,,,,,,,,,,,,,,,,,,,,,,,,,,,,,,,,,,,,,,,,,,,,,,,,,,,,,,,,,349000,342000,329800,329000,315000,315000,332500,317000,324000,340000,349500,338000,319999,329999
"Huntington Beach","CA","Los Angeles-Long Beach-Anaheim","Orange",51,,,,,,,,,,,,,,,,,,,,,,,,,,,,,,,,,,,,,,,,,,,,,,,319000,325000,317000,314900,299900,304450,319900,312000,315000,299900,309900,310000,319900,339450,334450,310000,322400,344400,328500,335000,339500,329950,334950,335000,334900,328000,317613,335500,335000,339000,340000,340000,354900,354900,349900,345000,342450,345000,349000,403500,386000,386000,389000,389000,420000,419000
"Yonkers","NY","New York","Westchester",52,129900,130000,130000,129999,129700,129450,129000,129900,129000,126500,125000,124500,124299.5,124299.5,127665.5,125000,124000,124000,125000,122000,119000,119000,118000,117000,114999,115000,115000,110000,115000,115000,112999,113500,110000,110000,110000,110000,113000,113250,113500,110900,110000,109500,110000,109999,110000,109949.5,109900,110000,109000,112750,109888,109000,109000,105000,105000,107950,104000,103950,103500,99925,104000,105000,109000,105000,109950,110000,107950,110000,109900,109950,110000,112000,110000,110000,110000,110000,108999.5,109750,110000,109900,110000,108000,108000,105000,105000,108350,110000,111999,115000,115000,115500,119450
"Fort Lauderdale","FL","Miami-Fort Lauderdale","Broward",53,,,,,,,,,,,,,,,,,,,,,,,,,,,,,,,,,,,,,,,,,,,199000,199000,199000,193000,195000,199000,199900,199800,199700,199900,201500,199900,199000,219900,219000,215000,198123,189995,192246,199500,195000,198888,2e+05,199000,199000,199500,199500,199000,199000,2e+05,202450,210000,210000,202950,212000,209450,209450,199900,203000,2e+05,210500,210500,209900,211000,219450,224900,224999.5,226000,234950,225000
"Pembroke Pines","FL","Miami-Fort Lauderdale","Broward",54,,,,,,,,,,,,,,,,,,,,,,,,,,,,,,,,,,,,,,,,,,,,,,,72700,69900,69900,69950,69700,69900,69900,69000,71150,76400,79997.5,79995,72850,72675,76690,79999.5,80000,79700,79900,78950,79900,79900,78500,79900,83416.5,83000,83500,84650,85000,86950,85000,86900,89900,89000,85000,88500,85000,85000,85000,87000,89900,89900,89900,89900,89900,90450
"Fairfax","VA","Washington","Fairfax",55,,,,,,,,,,,,,,,,,,,,,,,,,,,,,,,,,,,,,,,,,,,,,,,,224500,225000,228950,230000,247499.5,243950,244900,269900,229950,228800,229900,228800,219950,211500,209450,214000,215000,224950,215000,215000,215000,209000,210000,205000,2e+05,2e+05,199943.5,209500,224900,227450,225000,210000,217000,215000,199950,199500,214900,227400,229950,227500,231499.5,234999,224000,242400,260950
"Boynton Beach","FL","Miami-Fort Lauderdale","Palm Beach",56,,,,,,,,,,,,,,,,,,,,,,,,,,,,,,,,,,,,,,,,,,,,,58750,58250,60000,62500,59450,55000,63750,68950,68200,69900,75000,70000,74990,75000,79450,77147.5,73000,72000,70000,77100,77300,79900,73950,78450,80950,81000,84300,81000,89900,89900,84950,84950,87900,89900,89900,89900,89000,89212,94950,97750,89900,89000,88900,91450,95500,95000,98500,97000
"Alexandria","VA","Washington","Alexandria City",57,204950,205000,219894,217000,214900,210000,219444,218500,219500,209900,199700,198700,195000,188500,192450,199900,209500,199900,209900,2e+05,2e+05,2e+05,194900,186500,180000,189000,189900,197500,204999,2e+05,209900,199900,191495,199000,2e+05,199450,199000,198000,209900,209900,219900,219950,215000,229000,220000,226500,227000,227000,227750,224980,226591,228182,230000,239949.5,229900,228950,228000,220000,220000,218950,217900,220000,219900,219949.5,223950,219700,216500,219250,219900,219900,219900,216500,216000,215000,216600,214999,217000,218500,215000,214900,219000,217000,217000,216750,216750,221350,219995,226975,230000,223450,225000,225000
"Coral Springs","FL","Miami-Fort Lauderdale","Broward",58,,,,,,,,,,,,,,,,,,,,,,,,,,,,,,,,,,,,,,,,,,,,,,,,,,,,,,,,,,,,,,,,,,,,,,,,,,,,,,,,,97000,85000,91000,89000,88500,89900,89900,91500,89900,99500,105000,106000
"Stamford","CT","Stamford","Fairfield",59,199250,219000,215000,220000,229500,224000,210000,199900,215000,199500,199000,199000,189000,185000,192000,189000,189250,186950,189000,189000,178500,179000,172900,167900,171250,174700,199000,205000,205000,205000,205000,192750,195000,188700,183500,181000,207500,199999,199499.5,209500,212500,208000,192000,206250,212375,208250,199000,223700,215000,207500,202500,215000,210000,209500,210000,219000,223750,227450,214500,209000,221500,199749.5,189000,192450,199000,199000,195000,189000,209000,215000,207000,196750,195000,199000,211000,207500,205000,222000,228000,224000,222500,219450,207950,219394,220000,221500,227000,242250,242000,247500,245750,227500
"Savannah","GA","Savannah","Chatham",60,,,,,,,,,,,,,,,,,,,,,,,,,,,,,,,,,,,,,,,,,,,,,,,,,,,,,,,,,174500,174750,179900,182500,172000,169000,176000,161750,146950,152200,169900,169450,189000,184000,194000,194000,194000,175000,169700,180000,179750,180000,180000,165000,174900,197000,187500,199500,199500,217500,242000,232500,215000,212500,219000,225000
"Falls Church","VA","Washington","Fairfax",61,,,,,,,,,,,,,,,,,,,,,,,,,,,,,,,,,,,,,174900,186000,189500,199900,199950,199900,199900,202450,172450,186900,199475,194900,195000,2e+05,199900,199900,2e+05,199900,199900,2e+05,199900,199900,195000,196650,194600,194950,199450,205000,204950,199900,199000,210000,207900,209900,203900,204900,205000,204900,215000,210000,203450,206843,198500,194900,189900,189500,192975,193950,189999,191500,197000,199944,204750,206450,199995,199900
"Bend","OR","Bend","Deschutes",62,,,,,,,,,,,,,,,,,,,,,,,,,,,,,,,,,,,,,,,,,,,,,,,,,,,,,,,,,,,,,,,,,,,,,,,,,,,,,,,,227450,219900,245000,235000,229900,244000,244000,228950,219000,219000,228500,231500,219000
"Wilmington","NC","Wilmington","New Hanover",63,,,,,,,,,,,,,,,,,,,,,,,,,,,,,,,,,,,,,,,,,,,,,,,,,,,,,,,,,,,,,,,,,,,,,,,,,,,,,,,,,185000,187000,185000,198250,199000,209000,219250,229000,238000,233000,229000,228000
"Pompano Beach","FL","Miami-Fort Lauderdale","Broward",64,,,,,,,,,,,,,,,,,,,,,,,,,,,,,,,,,,,,,,,,,,,,94950,90000,90307.5,88500,90750,99000,98750,101900,96499.5,99700,96499.5,94400,95000,94700,97800,95000,97800,102700,106280,98000,99900,95000,94900,94900,97900,105000,105450,110000,115000,124900,125000,125000,125000,125000,120000,124900,120000,124900,120000,119950,124900,119950,123000,125000,129700,135950,144588.5,144838.5,139000
"Edison","NJ","New York","Middlesex",65,,,,,,,,,,,,,,,,,,,,,,,,,,,,,,,,,,,,,,,,,,,,,,,,,,,,,,,,55950,58250,56000,55000,55000,55000,55000,55000,53250,57000,57700,57950,54950,53000,55000,55000,55000,58900,59900,68000,65000,56100,56900,55000,55000,55000,56500,56000,57500,57500,55700,56500,54750,55900,62400,62450,65000
"West Palm Beach","FL","Miami-Fort Lauderdale","Palm Beach",66,,,,,,,,,,,,,,,,,,,,,,,,,,,,,,,,,,,,,,,,,,,,,,,,,,,,,,,,,,,178000,169900,162000,165700,160000,154900,149900,149500,149449.5,149900,154900,154900,167800,167800,164900,159900,168900,167500,161500,154950,149900,164000,159000,161000,167500,178000,172500,169900,169000,168500,168000,174950,174999.5,174900
"Sunrise","FL","Miami-Fort Lauderdale","Broward",67,,,,,,,,,,,,,,,,,,,,,,,,,,,,,,,,,,,,,,,,,,,,,,29900,32900,34400,34900,32900,35000,35777,35777,35000,35000,36338.5,35000,36000,34838.5,36000,35977,38777,39000,37900,39000,39000,37596.5,37900,35250,37000,38750,38750,36000,37750,39700,39000,39000,39900,43450,47250,43750,42600,44200,44900,45000,45500,46000,49777,48500,50000,49900,48900
"Miami Beach","FL","Miami-Fort Lauderdale","Miami-Dade",68,219000,216750,199000,197250,195000,185000,185000,190000,199999.5,199000,199000,195000,195000,205000,199900,2e+05,215000,209000,209000,216000,220000,225000,239000,239000,224500,219000,220000,220000,225000,225000,230000,229000,239000,225000,249000,259000,279888,275000,269000,269700,269000,269999.5,285000,284950,285000,289250,275000,295000,299000,305000,299000,290000,312450,319900,319000,315000,309700,309250,329000,339000,335000,335000,319000,319999,322450,314950,315000,317000,319000,319900,335000,335000,345000,338500,329900,349000,349900,350000,350000,350000,349949.5,350000,350000,349900,349000,348000,349000,349000,349950,349250,349000,340000
"Norwalk","CT","Stamford","Fairfield",69,,,,,,,,,,,,,,,,,,,,,,,,,,,,,,,,,,,,,,217000,215000,219000,215000,219500,199000,199000,199990,199450,199900,2e+05,2e+05,199900,204950,202500,224500,199999.5,197450,204500,199000,199000,205000,210000,213900,227000,199500,2e+05,219900,214950,212900,195000,2e+05,199950,194250,199450,199949.5,199450,192500,199000,209000,219000,219499.5,215000,215000,209000,209500,208250,210000,218250,219000,214500,219000,219000,218450,215000
"Kendall","FL","Miami-Fort Lauderdale","Miami-Dade",70,,,,,,,,,,,,,,,,,,,,,,,,,,,,,,,,,,,,,,,,,,,,,,,,,,,,,,,,,,,,,,,,,,,,,,,,,,,,,,,140000,152499.5,159749.5,153450,149999,149999.5,150000,155000,164450,164999,170000,166250,160000,162500
"New Rochelle","NY","New York","Westchester",71,,,,,,,,,,,,,,,,,,,,,,,,,,,,,,,,,,,,,,,,,,,,,,,,,,,,,,,,,,,,119000,120000,125000,122000,125000,125000,129900,129900,125000,125000,129000,119900,127449.5,124900,125000,125000,122000,119999.5,125000,129000,122500,129000,129000,130000,137500,132995,137500,144021,139000,135000,139000,139010.5,129999.5
"Palm Harbor","FL","Tampa","Pinellas",72,,,,,,,,,,,,,,,,,,,,,,,,,,,,,,,,,82900,83950,83000,84450,94900,89000,89499,94950,99000,95000,94900,89900,89700,99000,92900,94900,96500,94900,92690,89900,99000,99000,93900,93900,89900,89700,84900,79900,85950,94700,88950,89450,88900,88950,89000,84900,89500,88900,99450,89700,79900,84900,92750,94500,95200,91000,88650,91950,99000,99000,99000,99900,107950,104900,101949.5,106450,101949.5,99925,99950,99000
"Lauderhill","FL","Miami-Fort Lauderdale","Broward",73,,,,,,,,,,,,,,,,,,,,,,,,,,,,,,,,,,,,,,,,,,,,43000,44900,44900,43000,42900,42000,40000,41950,41450,42900,40000,41000,45000,43000,43500,42900,45000,45000,49900,53499.5,54700,52000,50000,52500,53000,50500,52900,55000,54949.5,53500,52900,52900,52000,54900,54975,54225,56500,56000,56000,56000,55000,58250,57900,58500,58700,55950,55950,55925,55950
"Portland","ME","Portland","Cumberland",74,,,,,,,,,,,,,,,,,,,,,,,,,,,,,,,,,,,,,,,,,,,,,,,,,,,,,,,,,,,,,,,,,,,,,,,,297450,3e+05,3e+05,299950,304950,3e+05,304950,309900,3e+05,3e+05,3e+05,3e+05,3e+05,297000,299900,299450,299950,3e+05,305000,3e+05,3e+05
"Daytona Beach","FL","Daytona Beach","Volusia",75,,,,,,,,,,,,,,,,,,,,,,,,,,,,,,,,,,,,,,,,,,,,,,,,,,,,,,,,,,,,,,,,,,,,,,,,,,,,,,,,69300,79000,78950,79900,78950,79900,79900,84700,87900,89200,84900,87500,83950
"Mount Vernon","NY","New York","Westchester",76,92400,89250,89000,89000,89000,89000,89250,90000,89800,89700,89600,89950,89950,88450,99450,99500,104700,99000,97750,89950,89000,95900,89900,85000,79950,80000,79900,78250,79900,80000,82510.5,78000,79000,77000,79000,77000,79000,79000,74450,79950,82000,84950,79900,89900,93750,87500,84000,85000,79000,79000,76000,78000,75000,71000,70000,68000,67500,65000,65000,65000,69000,69999.5,74000,73950,70000,73500,70000,69900,70000,75000,77500,79000,78500,69900,76000,82450,84900,84900,85000,84000,79100,82000,78549.5,77999,77999,84900,84900,87500,84900,87750,85000,95000
"North Bergen","NJ","New York","Hudson",77,,,,,,,,,,,,,,,,,,,,,,,,,,130000,131450,129000,127000,129000,128700,125000,129000,119900,132500,137900,137900,139000,139000,130000,139000,139450,139450,157000,157000,165000,158450,151750,156000,152450,148000,150000,139500,157750,156700,150000,149000,149000,159900,159950,150000,149000,149000,156950,159500,164499.5,159500,159000,149450,154450,153250,155000,159000,167000,159000,156750,159499.5,150950,154500,159000,159900,159900,162450,159950,159000,159900,165000,169500,169900,172500,195000,186900
"Reston","VA","Washington","Fairfax",78,,,,,,,,,,,,,,,,,,,,,,,,,,,,,,,,,,,,,,,,,,,,,,,,,,,,,,302992.5,299000,274900,269888,262000,259450,249900,259900,255000,249900,275000,280000,260000,249950,266250,255000,261250,252499.5,249499.5,250000,249000,249000,249000,264900,259900,272450,276997.5,264700,262200,271997.5,254500,293950,270000,272463.5,280000,274500,282500,285000,268950
"Saint Cloud","MN","St. Cloud","Stearns",79,,,,,,,,,,,,,,,,,,,,,,,,,,,,,,,,,,,,,,,,,,,,,,,,,,,,,,,,,,,,,,,,,,,,,,,,,,,,,,,,220000,220000,220000,220000,220000,220000,220000,220000,215000,220000,219900,220000,220000
"Fountainbleau","FL","Miami-Fort Lauderdale","Miami-Dade",80,,,,,,,,,,,,,,,,,,,,,,,,,,,,,,,,,,,,,,,,,,,,,,,96900,96900,1e+05,104450,102000,105000,99700,107950,109000,109000,110000,114950,119900,119900,119900,120000,120000,119900,119900,120000,127900,128000,129900,126949.5,136500,137250,129900,129700,139000,139000,139000,139000,135000,135000,137000,133999.5,135000,135000,134900,135000,139997.5,144900,144900,145000,144450,147000
"White Plains","NY","New York","Westchester",81,220000,229999,219999,212500,230021,217500,210000,214000,205000,2e+05,195000,189747.5,184250,185000,185000,185000,185000,180000,178021,178021,178021,169000,168500,159900,159000,157500,149950,155000,149950,149900,149700,148000,147950,149500,149900,149021,155000,159750,155200,157500,159000,157750,159000,154000,154900,151950,154900,150000,150000,155000,159000,159949.5,164900,154000,148500,147750,149000,149000,149000,149900,149400,149000,149850,149000,149000,144000,149850,156750,157875,154999,154999,151000,154000,154999,156500,157750,155000,155000,155000,155000,155000,156500,163500,167000,159900,157500,169900,165000,159500,165000,160000,165000
"Deerfield Beach","FL","Miami-Fort Lauderdale","Broward",82,,,,,,,,,,39900,39700,38250,38250,38500,37500,37500,39900,38950,36950,39000,39900,42000,39900,39900,39900,39700,39700,39900,39900,38900,37500,35000,34950,34000,39000,39900,42000,41900,43249.5,44100,43500,44000,42900,43700,44900,44900,39900,42000,42900,42900,43000,42950,42250,48000,45000,45000,45900,49900,49900,52400,49950,50000,54900,54945,55000,55000,49800,49900,49900,49900,49850,49875,49900,54900,54900,57250,55000,54951,55000,55000,53200,55000,55000,54950,54000,54900,54900,57000,58000,59000,56000,56000
"Margate","FL","Miami-Fort Lauderdale","Broward",83,,,,,,,,,,,,,,,,,,,,,,,,,,,,,,,,,,,,,,,,,,,,,,35500,34950,34500,35000,39000,40000,39944,39988,39977.5,39499,39249.5,42500,39900,39900,42900,39500,42500,44900,43000,40000,39900,41900,41900,40000,42900,44500,45000,44350,42450,43850,44800,45000,45000,47900,49200,49450,53200,56950,59900,57450,55000,55000,55000,55000,55000,55000,55300
"Delray Beach","FL","Miami-Fort Lauderdale","Palm Beach",84,,,,,,,,,,,,,,,,,,,,,,,,,,,,,,,,,,,,,,,,,,,,,,,,,,,,,,,,49999,52000,55000,51250,50000,56500,61000,59000,59000,58000,59999,59900,59900,59900,59700,66250,69500,68950,68750,68900,69800,69000,69000,65000,71500,72000,70750,73500,74900,73500,74900,69999.5,69949.5,69500,69900,74000,75000
"Castle Rock","CO","Denver","Douglas",85,,,,,,,,,,,,,,,,,,,,,,,,,,,,,,,,,,,,,,,924850,896925,839450,899000,869000,847250,827000,849000,839450,837450,825000,849900,875000,897000,889450,925000,899000,799900,799900,795000,795000,795000,8e+05,749900,772000,899000,875000,867450,885000,849900,825000,825000,832450,875000,844450,880000,899450,939000,944000,899900,899900,899894,942500,1025000,1149250,1185000,1124900,1062000,1124900,979950,1024950,989000,959000,949000
"Hoboken","NJ","New York","Hudson",86,365000,364950,364950,364950,362900,359000,365000,361500,369000,369000,369000,369000,372450,369000,368500,359000,359000,352500,349000,349949.5,329500,329000,337000,339000,349000,347000,334000,339999.5,349000,349000,350000,349000,329000,329000,361250,385000,389862.5,399000,399000,399000,399000,399900,399999,399807,388000,389450,399000,385000,388000,389000,395000,397000,389915,379450,389000,4e+05,4e+05,425000,439000,439000,442000,439000,435000,425000,435000,424993.5,419000,419000,449000,469000,475000,469000,475000,474995,449000,449000,459000,459000,427000,430000,449000,472000,529000,527000,459000,499000,499000,524900,499000,499000,496500,499000
"North Miami","FL","Miami-Fort Lauderdale","Miami-Dade",87,,,,,,,,,,,,,,,,,,,,,,,,,,,,,,,,,,,,,,,,,,,,,,,,,,,,,,,,,,,90000,95750,101500,99490,1e+05,93900,102722,101000,102722,107000,106900,106500,112450,110000,115000,105000,105000,110000,110000,119777.5,118250,112000,118500,120000,115000,119900,119450,120000,119999.5,119450,124900,124900,125000,125900
"Stratford","CT","Stamford","Fairfield",88,,,,,,,,,,,,,,,,,,,,,,,,,,,,,,,,,,,,,,,,,,,,,,,,,,,,,,,,,,,,,,182450,179870,197500,199900,198900,195900,197500,196700,182000,175000,167450,165000,163888,177200,195000,179900,170000,184450,189900,199900,199900,199000,199000,199000,199900,189000,199000,209700,209700,232400,207450
"Cathedral City","CA","Riverside","Riverside",89,,,,,,,,,,,,,,,,,,,,,,,,,,,,,,,,,,,,,,,,,,,,,,,,,,,,,,,,,,,,,,,,,,,,124000,119000,119000,117000,126750,117000,124500,119900,121750,123700,120000,119500,120000,120000,120000,119950,119500,121950,115000,114950,115000,115000,118000,119000,124000
"Mc Lean","VA","Washington","Fairfax",90,,,,,,,,,,,,,,,,,,,,,,,,,,,,,,,,,,,,,,,,,,,,,,,,,,,,,,,,,,,,,269000,270000,282500,294900,289900,278700,265000,265000,259450,254350,244950,247450,252500,265000,285200,294950,287500,275000,269995,272000,279000,276000,269000,267000,268450,274450,274900,264990,265000,269700,258950,260000
"Palm Desert","CA","Riverside","Riverside",91,,,,,,,,,,,,,,,,,,,,,,,,,,,,,,,,,,,,,,,,,,,,,,199450,201500,225000,204000,204900,229900,199900,199900,213450,214949.5,219000,224450,229990,232450,229000,217000,235000,229000,222500,225000,205250,209000,189000,199000,187900,219000,219000,209990,207450,198500,199900,207000,202495,219990,219990,199990,195000,226000,223900,209000,209000,229000,218000,219000,221999.5,224999.5,226999.5
"Doral","FL","Miami-Fort Lauderdale","Miami-Dade",92,,,,,,,,,,,,,,,,,,,,,,,,,,,,,,,,,,,,,,,,,,,,,,,,,,,,,157000,150000,150000,150000,150000,155000,159900,159500,155000,167000,170000,169900,156500,164900,168900,173900,182500,190500,192000,192000,194000,190000,190000,190000,192000,193000,191000,189900,194000,195000,195000,195000,195000,197000,195000,199000,195000,195000,195000,195000
"Coral Gables","FL","Miami-Fort Lauderdale","Miami-Dade",93,,,,,,,,,,,,,,,,,,,,,,,,,,,,,,,,,,,,,,,,,,,,,,,249950,249700,239750,242200,249000,249999,255500,249600,249000,249000,249900,249300,229000,238750,244500,224900,242000,235000,234250,254950,260000,260000,265000,279900,282450,277450,292000,289999,279900,272500,272500,254000,254000,252000,249750,255000,293000,277000,289000,265000,265000,260000,250000,250000,250000,250000
"Desert Hot Springs","CA","Riverside","Riverside",94,,,,,,,,,,,,,,,,,,,,,,,,,,,,,,,,,,,,,,,,,,,,,,,,,,,,,,,,,,,,,,,,,,,,,,,,,,,,,,,,,42500,39500,42500,39500,39700,45000,49999,45450,44950,46949.5,45400,48900
"Plymouth","MA","Boston","Plymouth",95,,,,,,,,,,,,,,,,,,,,,,,,,,,,,,,,,,,,,,,,,,,,,,,,,,,,,,,,,,,,,,,,,,,,,,,,,,,,,,,,349000,343250,329900,329900,329900,329900,329900,299000,299000,333700,333700,349900,353900
"Manchester","NJ","New York","Ocean",96,,,,,,,,,,,,,,,,,,,,,,,,,,,,,,,,,,,,,,,,,,,,,,,,,,,,,,,,,,,,,,,,,,,,,,,,,,,30450,31000,33500,34894,34950,35500,38000,37500,37500,35900,35500,35126,35313,35313,35313,35000,35000,37200
"Palm Springs","CA","Riverside","Riverside",97,,,,,,,,,,,,,,,,,,,,,,,,,,,,,,,,,,,,,,,,,,,,,,,,,,,,,116900,115950,117000,110000,106500,108500,116900,110000,108500,108000,107750,110000,114450,112250,114000,114000,115000,119900,119250,117450,118500,121000,134000,129700,124500,120000,129000,129000,129900,129000,129000,129000,126200,129000,129000,128750,129000,129900,124800,123200
"Freeport","NY","New York","Nassau",98,,,,,,,,,,,,,,,,,,,,,,,,,,,,,,,,,,,,,,,,,,,,,,,,,,,,,,,,,,,,,,119450,115750,113500,117750,119900,115000,112999,114950,109499.5,110749.5,111249.5,113745,111249.5,107000,115000,115000,116499.5,119000,115000,119000,114999,112500,119000,117500,117250,120000,117999.5,121250,129000,120000,120000
"Hallandale","FL","Miami-Fort Lauderdale","Broward",99,115900,114900,105000,99950,110000,105000,105000,105000,118000,114900,110000,109900,1e+05,109450,99500,95000,95000,99000,99900,99900,114900,120000,120000,124250,119000,118950,119900,124950,119900,124550,114950,117500,119950,123500,137900,139900,149900,149000,150000,149000,149000,149949.5,159900,159900,160000,160000,168000,169000,159900,152000,159000,158000,159000,159450,159900,170000,169000,169438.5,170000,170000,164750,165000,156000,154950,162900,160000,170000,169999,168950,170000,175000,172750,175000,171000,170000,175000,179000,180000,184000,179000,179900,184000,179900,179900,179000,177000,179900,184900,185000,187000,195000,186500
"Great Neck","NY","New York","Nassau",100,239000,235000,240000,239000,239000,239000,230000,229375,235000,235000,228000,225000,219000,229000,232000,239900,244995,236500,215000,209000,209000,209000,209000,2e+05,199000,195000,199000,195000,198000,194999.5,195000,194999.5,195000,199000,199999,199888,199000,199000,195999.5,189500,190000,194499.5,192900,195000,190000,189944,195000,199000,206000,199000,199999,212000,215500,204000,218000,210000,210000,209500,216000,209000,208000,202000,220000,219000,218000,210000,218000,218000,219000,222250,222250,230000,229888,220250,230000,238000,236444,239000,238944,238000,229000,228444,234900,234900,236894,234900,229800,229400,240944,250000,245000,261944
"Hilton Head Island","SC","Hilton Head Island","Beaufort",101,,,,,,,,,,,,,,,,,,,,,,,,,,,,,,,,,,,,,,,,,,169900,156700,179500,179000,179000,169000,169000,169000,169000,169000,181250,181250,178500,175450,181250,189500,178500,169000,168400,169900,169900,169450,173900,164000,161950,159900,159950,165000,164000,169900,169450,162000,148500,148500,149900,165000,153000,159000,154500,159000,155000,172450,183500,160000,184900,187950,181000,189000,192350,197000,209450
"West Hollywood","CA","Los Angeles-Long Beach-Anaheim","Los Angeles",102,,,,,,,,,,,,,,,,,,,,,,,,,,,,,,,,,,,,,,,,415000,418000,407100,429000,429500,442000,473000,435000,425000,467000,451750,493500,498000,498500,477000,493000,479500,482500,479500,499999,525000,549000,539500,539500,544500,599000,550000,555000,490000,545000,519000,499000,499000,555000,579000,629000,622500,587500,545000,549000,550000,599000,594000,615000,634500,676500,639000,599000,594450,667500,625000,620000,615000
"Aventura","FL","Miami-Fort Lauderdale","Miami-Dade",103,,,,,,,,,,,,,,,,,,,,,,,,,,,,,,,,,,,,,,181000,170000,170000,179500,199000,206500,199000,199000,209000,210000,209000,205000,203000,210000,210000,219000,228750,214900,229000,199997.5,199400,205000,204000,214105,220000,209500,205000,215000,205000,199000,199900,207900,199900,225000,222400,217750,213999,205600,204947.5,215000,219900,220000,220000,220000,219900,220000,219000,219000,218900,219000,217499,219000,218950,226250,215000
"Lauderdale Lakes","FL","Miami-Fort Lauderdale","Broward",104,,,,,,,,,,,,,,,,,,,,,,,,,,,,,,,,,,,,,,,,,,,,,,,42900,44900,43000,49900,47250,49000,49000,49450,49900,46000,48000,45000,42500,45495,45000,45995,47500,49999.5,47500,47500,44949.5,44999.5,45000,45900,46000,48950,49900,49000,50450,49949.5,49999.5,49900,49949.5,49900,49900,49900,49900,49900,49250,49000,49900,50000,52000,50500,50000,53000
"Myrtle Beach","SC","Myrtle Beach","Horry",105,104425,105000,109450,104425,99900,99900,99900,99450,97900,94900,94900,89900,88750,86900,84700,79000,77900,78000,79900,79900,79900,78900,74900,75000,78450,77900,79849,77900,75779,75000,77250,79000,79900,79994,79992,79945,79900,79900,82900,79900,84900,85500,85900,86700,85000,87500,89500,89500,89500,89900,89500,89250,89900,90000,92500,86900,89900,88900,85000,87000,87900,89000,88900,89900,89900,89250,88900,87000,86500,89900,89900,91500,92000,91950,89900,89900,88700,87900,89000,89500,89000,88900,87000,87800,87900,87950,89000,88900,88500,88950,88200,88200
"North Miami Beach","FL","Miami-Fort Lauderdale","Miami-Dade",106,,,,,,,,,,,,,,,,,,,,,,,,,,,,,,,,,,,,,,,,,,,,,,,,,,,,,,99375,107500,107500,114900,115000,119000,110950,122400,129949.5,109900,119900,119250,119700,115950,125000,127500,119900,131000,129450,129450,119900,119700,128950,129900,129999.5,129949.5,137250,139500,139750,130999.5,120000,120000,125000,129000,130450,136450,135000,125000,125000
"Panama City","FL","Panama City","Bay",107,,,,,,,,,,,,,,,,,,,,,,,,,,,,,,,,,,,,,,,,,,,,,,,,,,125000,122450,134950,125000,126250,129000,129900,128000,119900,120000,119950,120900,118900,128000,129450,130000,129900,129900,122000,124900,124950,124900,122000,122000,119450,118000,124700,123500,117700,121200,115700,124900,124950,125000,120000,120000,124500,125000,119950,122450,119250,115000,119500
"Golden Glades","FL","Miami-Fort Lauderdale","Miami-Dade",108,,,,,,,,,,,,,,,,,,,,,,,,,,,,,,,,,,,,,,,,,,,,,,,,,,,,,,,,,,,,,,,,,,,,,,,,,,,,,68500,69950,74750,74900,70000,77000,79000,79000,79450,80000,78444,85000,85000,85000,85000,84900
"Long Beach","NY","New York","Nassau",109,339000,329000,335000,335000,329000,329000,329000,309000,317000,322499.5,319000,324990,326995,299000,299900,299000,299000,299999,309000,289000,279949.5,282449.5,279000,275000,275000,269000,275000,282000,297500,292499.5,285000,283000,279000,279999,285000,284000,285000,279500,288000,276500,278876,269000,270000,268500,265000,269000,274950,274950,275000,280000,274949.5,270000,279000,279000,279000,274950,265000,279450,279900,269500,278000,275000,269000,269450,276500,269000,269000,277500,289900,290500,297500,3e+05,299000,299000,299499.5,299000,293250,289000,289000,289000,299000,299000,299000,299000,299000,299000,299000,315000,331500,329000,322000,329000
"Seal Beach","CA","Los Angeles-Long Beach-Anaheim","Orange",110,,,,,,,,,,,,,,,,,,,,,,,,,,,,,,,,,,,,,,,,,,,,,,,,,,,,,,,,,,,,,,,,,,,,150500,149999,147000,143250,139450,139450,139000,139950,141000,144900,140000,140000,144950,144900,144000,145000,145000,146500,145000,148000,149444,148500,145900,150000,152000
"Kihei","HI","Kahului","Maui",111,345000,345000,342000,337000,333000,329900,329500,310000,319500,294000,295000,272250,269000,289000,285000,260000,272500,279000,289000,299000,328350,375000,371250,367500,330000,345000,348000,345000,325000,329900,337000,350000,349000,349000,379000,368750,371250,367500,371250,379000,385000,379000,379500,399999,399749.5,396750,394750,399000,437499.5,419000,429000,435000,419000,430000,435000,465000,450000,439000,429000,435000,447000,439000,439000,449000,429000,405000,402250,399000,399000,415000,404250,415000,399000,399950,409000,409500,399500,399700,399700,399000,399000,410000,409000,405000,410000,399000,396500,399000,416500,424000,449250,424900
"Kailua Kona","HI","Hilo","Hawaii",112,,,,,,,,,,,,,,,,,,,,,,,,,,,,,,,,,,,,,,,,,,,,,,,239000,239000,219500,247500,242000,245000,235000,229000,229000,247500,235000,232000,257000,279000,270000,275000,299000,275000,282000,290000,278000,255000,278000,266500,261950,254900,258900,264450,271950,275000,269000,271500,262450,249949.5,249000,249000,249999,255900,264000,248450,245000,249900,250000,248900,220000,234450
"Branson","MO","Branson","Taney",113,,,,,,,,,,,,,,,,,,,,,,,,,,,,,,,,,,,,,,,,,,,,,,,,,,,,,,,,,,,,,,,,,,,,,,,,,,,110000,109000,110000,99000,97750,101475,110900,110000,103000,99925,99950,101900,89950,97950,95000,99000,99000,99475
"Estero","FL","Fort Myers","Lee",114,,,,,,,,,,,,,,,,,,,,,,,,,,,,,,,,,,,,,,,,,,,,,,,,,,,,,,,,,,,,,,,,,,,,,,,,84900,84900,86500,89000,90000,92500,89000,89000,89950,97900,92500,89900,89900,95000,96500,1e+05,101000,98500,112450,110000,103500
"Sunny Isles Beach","FL","Miami-Fort Lauderdale","Miami-Dade",115,149900,150000,149000,149000,149000,144500,140000,139900,149900,148500,151450,145000,150000,159000,159000,159900,177000,194749.5,184500,189450,195000,189000,179900,180000,189788.5,189900,181000,185400,180950,189000,190000,188260,180000,180000,190000,206000,210000,220000,229500,229000,225000,230000,241500,238500,250000,258000,260000,265000,260000,255000,265000,275000,275000,275000,266500,275000,279000,289900,305000,299000,299000,299000,290000,279000,279000,275000,260000,263250,262500,269000,272947.5,277499.5,275000,295500,299900,312500,309999.5,305900,302950,295000,295000,290000,295000,285450,289450,290000,295900,294900,285000,285000,294900,294950
"Scarsdale","NY","New York","Westchester",116,199000,204000,199999,199000,189000,189000,189500,197000,195000,189000,189000,185000,179000,177603,179000,179250,179000,179499.5,175000,177000,175000,175000,175000,169000,171500,175000,171950,169900,165000,169000,169000,169000,167000,167000,165000,169000,169000,169950,169000,169000,167500,159000,159000,165000,160000,159500,159000,159000,155000,159000,158250,159000,158500,158500,159000,159000,159000,159000,165000,169000,165000,169000,175000,179900,182450,179000,187750,188000,175900,165000,161500,171250,161500,168750,169500,174000,169500,168937.5,166900,167000,164000,163000,159000,159250,165999.5,186250,187500,187500,196200,190000,189000,194500
"Lahaina","HI","Kahului","Maui",117,497500,5e+05,477000,479000,484250,479000,450000,453500,499475,438000,378000,339975,357500,399000,394500,394500,389000,390000,415000,420000,419500,399700,425000,425000,422500,465000,468880,465000,462000,462000,449000,465000,465000,435750,495000,525000,549950,549900,569000,569000,599000,585000,577000,549000,555000,544000,535000,535000,528000,585000,587000,569500,550000,550000,550000,530000,535000,507000,537000,492500,515000,525000,529000,539000,497000,570000,549900,547000,549900,525000,562500,594000,609750,575000,595000,633500,639900,625000,597000,625000,598000,615000,595000,610000,618000,525000,549000,559000,625000,699487.5,672000,667000
"Ojus","FL","Miami-Fort Lauderdale","Miami-Dade",118,,,,,,,,,,,,,,,,,,,,,,,,,,,,,,,,,,,,,,,,,,60000,60000,64900,65000,65000,66000,67250,66000,68900,65000,68000,68500,67500,67900,68900,69990,72450,75000,79500,79900,80000,79000,75000,78950,79000,79900,80000,80000,82000,84500,79949.5,80500,85000,89900,85000,89900,89900,89999,89000,85000,89000,90000,90000,90000,95000,92500,95000,92500,93750,92000,92000
"Steamboat Springs","CO","Steamboat Springs","Routt",119,,,,,,,,,,,,,,,,,,,,,,,,,,,,,,,,,,,,,,,,,,,,,,,,,,,,,,,,,,,,,,,,,,,,,,,,,,,,,,,239000,265000,265000,290000,240000,230000,242000,249000,249000,252000,244450,277450,262000,264500
"Palm Springs","FL","Miami-Fort Lauderdale","Palm Beach",120,,,,,,,,,,,,,,,,,,,,,,,,,,,,,,,,,,,,,,,,,,,,,,,,,,,,,,,,,,,,,40000,40000,43900,39400,43900,43950,44450,44900,44900,44900,45000,43500,44900,44900,45000,45000,45000,48000,49900,45250,45250,49900,49900,49000,49900,49999,49900,49900,49900,49500,48100,49900
"Panama City Beach","FL","Panama City","Bay",121,,,,,,,,,,,,,,,,,,,,,,,,,,,,,,,,,,,,152000,164400,169450,165000,169900,171799,174000,169900,174000,179000,179925,182200,174900,179900,155000,155000,148500,139900,139900,159900,160000,169900,167900,169949.5,159975,160275,169500,167950,174900,174900,175200,174900,179900,184900,193750,195000,188000,188250,189000,195000,189900,189000,194900,193900,194500,190000,185000,181400,182499,172900,179450,182249.5,189000,195000,198000,199000,198000
"Marco Island","FL","Naples","Collier",122,,,,,,,,,,,,,,,,,,,,,,,,,,,,,,,,,,,,,,,,,,,,,,,,,,,,,,,,,,,,,,,,,,,,,,,,,,,,,,242250,234750,234000,239000,230250,219000,217000,219000,235500,219000,212000,204900,219000,219000,229000
"Whitefish","MT","Kalispell","Flathead",123,,,,,,,,,,,,,,,,,,,,,,,,,,,,,,,,,,,,,,,,,,,,,,,,,,,,,,,,,,,,,,,,,,,,,,,,,,,182450,189250,187000,189000,207950,192000,199900,214450,234000,240000,265000,267500,244999.5,240000,240000,239500,229500,239000
"Town of Islip","NY","New York","Suffolk",124,164588,164588,155000,154000,152500,148000,148000,150000,149990,149990,149994,148000,145950,142000,139990,142998,143000,140000,139438,139438,139000,134900,134950,129990,131900,131900,129000,120000,119990,125900,128000,129000,129000,129000,130000,130000,130000,130000,137000,134900,134995,128750,127000,129000,129999,126000,120000,120000,127000,125000,129999,129999,129499.5,129000,128000,130000,129000,134990,130000,129999,129000,129000,123949.5,122900,124999,127000,129000,130000,129950,129900,129000,124999,120000,124999,127500,129500,127500,131500,129000,136000,131950,129000,129000,129499.5,129500,127000,125000,125000,125000,129900,129900,125000
"North Myrtle Beach","SC","Myrtle Beach","Horry",125,168200,169900,162400,155950,150000,149900,135000,134450,129900,115900,115000,115950,119900,116900,121450,119900,115000,119900,119900,116000,119900,117400,118450,116450,109900,115000,118000,114000,109900,111950,107900,99900,105000,104450,99000,99900,107900,1e+05,99788.5,99900,105000,104950,104900,110000,110000,114900,109000,107900,106900,109900,110900,114200,114700,116900,113400,109687.5,117900,119250,117900,109900,109900,105450,105900,104900,104900,108999,109900,109449.5,104950,109900,115000,114900,114900,114900,115000,122250,125000,128000,129900,119900,118900,116950,116450,119000,124900,124900,119900,119900,120000,122500,129500,127925
"Mount Kisco","NY","New York","Westchester",126,,,,,,,,,,,,,,,,,,,,,,,,,,,,,,,,,,,,,,,,,,,,,,,,,,,,,,,,,,,,,,,,,,,,,,,,,,,,,,,,97450,97450,99500,99250,99000,99000,99000,99000,102499,99999,108250,104999,100999
"Big Bear City","CA","Riverside","San Bernardino",127,,,,,,,,,,,,,,,,,,,,,,,,,,,,,,,,,,,,,,,,,,,,,,,,,,,,,,,,,,,,,,,,,,,,,,,,,,,119950,129900,136000,140000,146200,143450,154250,144500,157700,150000,149000,139900,140000,149000,137450,139900,162450,164950
"Ocean City","NJ","Ocean City","Cape May",128,,,229500,229500,219650,224800,224800,214500,229900,235000,232450,246950,244900,237450,218900,215000,208999,211949.5,216900,214000,218900,219000,218950,214000,219450,219900,211500,217000,214900,219000,211950,214900,215000,219000,219900,219900,219900,219900,219500,219700,219500,216000,219250,219500,219900,222400,222400,219900,219900,217450,215000,214450,215000,218950,222450,224900,224900,224900,219950,219900,219900,215000,222500,219900,219900,219900,219900,222500,225450,225900,225450,229450,229450,225000,221950,219450,219900,225000,219900,219000,215000,212450,219950,207500,209000,211250,211250,204750,214450,238000,227000,238000
"Fort Myers Beach","FL","Fort Myers","Lee",129,,,,,,,,,,,,,,,,,,199900,199900,2e+05,199900,199000,187000,179000,199000,199900,209000,185000,199500,183500,199750,214900,225000,214900,207000,211499,218888,219000,217000,217500,214949.5,219450,219900,213450,216950,210000,211499,211900,199900,199900,199900,214504,216554,206500,199950,199900,209900,224500,209000,224500,224700,209000,194000,214500,219000,225450,259000,265000,267000,269000,239000,259000,269450,269900,269900,275000,273500,279900,273500,268900,261450,268900,263450,249900,249900,272000,275950,268400,278400,286900,280000,289900
"North Bay Village","FL","Miami-Fort Lauderdale","Miami-Dade",130,,,,,,,,,,,,,,,,,,,,,,,,,,,,,,,,,,,,,,,,,,,,,,,173450,175000,179900,179900,179999,179999,179900,179900,179000,178000,170000,170000,184500,175000,176200,174950,161900,164500,179000,164750,157000,181000,181000,182000,184900,182000,189450,199500,187000,179000,186000,188000,186000,185000,190000,188000,188000,189500,189950,185000,180000,185000,184200,181750,187000,189900
"Lincoln City","OR","Newport","Lincoln",131,,,,,,,,,,179000,179000,174900,172000,165000,165000,165000,165000,165000,165000,159900,159000,149750,152500,149750,150900,159000,159000,160750,159000,149750,149750,149000,139950,139000,132450,128799.5,139000,142450,149000,159000,159000,159000,159000,156949.5,153700,159000,159000,155000,152500,151250,155000,156000,154900,150000,149500,149900,149500,149000,149000,149000,149000,149000,149000,139000,144900,149000,155000,147000,149000,149000,157450,149000,149000,129450,120250,129500,144900,151550,149050,159000,151250,147500,156250,147400,144900,147200,143700,149500,159000,165000,158250,165000
"Lauderdale-by-the-Sea","FL","Miami-Fort Lauderdale","Broward",132,,,,,,,,,,,,,,,,,,,,,,,,,,,,,,,,,,,,,,,,,,,,,,,,,,,,,,,,,,,,,,,,,,,,,,,,,191000,199900,188500,184950,190900,175000,175000,175000,191500,192450,189450,189000,189999,189000,186500,189450,194450,210000,204947.5,207449.5
"Century Village","FL","Miami-Fort Lauderdale","Palm Beach",133,23400,23400,19900,22000,22900,22250,20000,21500,19900,19900,19400,19900,19450,18450,18900,18950,18900,19000,19000,17900,19500,19900,19900,16900,16700,19500,19900,19900,19900,19900,21900,19945,20750,21500,19995,22000,20000,22000,22500,22500,24000,23950,24900,25000,25000,25000,25000,25000,27000,27900,27000,26700,26500,26500,27500,26500,27500,29000,29000,30000,29900,30000,29900,29900,29900,29900,30000,30000,31900,30900,31500,31949.5,33000,34500,34900,34900,35000,35000,35900,35000,36500,36900,36950,37999,39000,39900,39900,39900,39900,39900,42000,41500
"Surfside","FL","Miami-Fort Lauderdale","Miami-Dade",134,,,,,,,,,,,,,,,,,,,,,,,,,,,,,,,,,,,,,,,,,,,,,,,,,,,,,,,,,,,,,,,,,,,,,,,,,,,,,,,,437000,444500,450000,451874,439000,435000,429000,427000,417500,409000,405999.5,412000,412000
"New London","NC","Albemarle","Stanly",135,,,,,,,,,,,,,,,,,,,,,,,,,,,,,,,,,,,,,,,,,,,,,,,,,,,,,,,,,,,,,,,,,,,,,,,,,,,,,,,,,65000,67500,68500,65750,66700,67500,67200,66700,64900,63450,65000,65000
"Bay Harbor Islands","FL","Miami-Fort Lauderdale","Miami-Dade",136,,,,,,,,,,,,,,,,,,,,,,,,,,,,,,,,,,,,,,,,,,,,,,,,,,,,,,,,,,,,,,,,,240000,230000,215000,232500,240000,242500,240000,249000,242500,244000,240000,234944,237000,234944,239980,239700,247000,249000,250000,249000,249997.5,259000,265000,259000,257000,260000,254500,249450
"Ramapo","NY","New York","Rockland",137,,,,,,,,,,,,,,,,,,,,,,,,,,,,,,,,,,,,,,,,,,,,,,,,,,,,,,,,,,,,,,,,,,,,84950,77500,72000,71500,69999,65000,70900,65000,69950,70000,71500,70000,70000,65000,61499.5,65000,63900,61499.5,66450,63900,59900,62000,72250,69000,59999
"Orange Beach","AL","Daphne","Baldwin",138,,,,,,,,,227500,224000,219450,205000,199700,199900,199900,209000,199000,197000,189900,189900,189900,185000,199000,219000,199000,199450,209000,199900,219900,219900,219450,217000,199900,214500,214500,199700,189900,199900,199250,199900,214500,214500,194900,214000,206500,213450,199000,199000,209900,209900,216000,215500,218000,219000,219000,219450,208000,208000,215000,215000,224500,199000,210950,235000,240000,245000,242450,247900,244900,242400,248000,246750,252000,264900,269000,274900,274900,269000,259450,269000,249900,249900,249900,249900,270000,259000,267000,297900,299450,299900,299900,297000
"Miramar Beach","FL","Crestview-Fort Walton Beach-Destin","Walton",139,,,,,,,,,,,,,,,,,,,,,,,,,,,,,,,,,,,,,,,,,,,,,,,,,,,,,,,,,,,,,,,,,,220000,218500,214900,217000,217000,206900,204500,202500,220000,224500,229250,222000,222000,215000,215000,215000,229000,237150,229000,229000,238400,229000,220000,223900,221950,226450,229250
"Longboat Key","FL","North Port-Sarasota-Bradenton","Sarasota",140,,,,,,,,,,,,,,,,,,,,,,,,,,,,,,,,,,,,,,,,,,,,,,,,,,,,,,,,,,,,,,,,,,,,,,,,,,,,,,,,357900,370000,349900,369000,362000,349000,374900,375000,369950,375000,375000,369950,375000
"Bal Harbour","FL","Miami-Fort Lauderdale","Miami-Dade",141,4e+05,394500,387000,380000,347000,339000,347000,380000,350000,375000,380000,385000,385000,390000,385000,359000,389900,379000,369500,389000,389900,389500,396500,395000,389000,385000,387000,389000,405000,410000,360000,336000,330000,350000,389000,375000,419000,449000,450000,450000,410000,435000,449500,430000,435000,450000,450000,450000,450000,449000,449450,449000,459000,449000,439000,449000,450000,450000,512500,499500,539450,539000,539900,539900,544450,520000,539900,554900,518000,497950,509000,497950,550000,559000,570000,550000,526500,499999,499499.5,499000,499000,533500,524999,507000,526000,521000,595000,595000,582500,599500,595000,579950
"Montauk","NY","New York","Suffolk",142,,,,,,,,,,,,,,,,,,,,,,,,,,,,,,,,,,,,,,,,,,,,,,,,,,,,,,,,,,,,,,,,,,,,,,,,,,,,3e+05,287000,287000,312000,337000,339000,341500,335000,331000,3e+05,299000,299000,3e+05,335000,349900,339000,350000
"Provincetown","MA","Cape Cod","Barnstable",143,322850,325000,325000,307900,292500,282950,285000,296000,297500,310000,299000,292000,289000,292000,295000,299000,299000,299000,324950,327000,329000,310000,305000,319000,319000,305000,299000,289000,299000,309000,325000,327000,325000,325000,325000,325000,319500,325000,325000,325000,315000,325000,329000,329000,359900,369000,339000,349000,329500,299000,325000,325000,325000,342000,349900,355325,349900,349450,349900,349000,349950,365000,389900,399000,409000,409450,399000,399000,409000,417000,409000,399000,399000,397000,397000,398000,409000,404000,399000,369000,370500,402000,389000,415000,429000,429000,441750,449900,422250,413500,429500,415000
"Town of Ludlow","VT","Claremont","Windsor",144,,,,,,,,,,,,,,,,,,,,,,,,,,,,,,,,,,,,,,,,,,,,,,,,,,,,,,,,,,,,,,,,,,,,,,,,,,,,,,,,,82250,75000,71500,71000,69000,77250,75000,75000,79500,72500,79500,87800
"Atlantic Beach","NC","Morehead City","Carteret",145,,,,,,,,,,,,,,,,,,,,,,,,,,,,,,,,,,,,,,,,,,,,,,,,,,,,,,,,,,,,,,,74985,74985,74985,74985,78479,75000,79490,89500,89000,89000,89000,79900,79900,89500,80000,80000,85000,85000,87900,86450,85000,84900,84900,79950,75760,80000,79450,82000,79000,79000
"Egg Harbor","WI",,"Door",146,,,,,,,,,,,,,,,,,,,,,,,,,,,,,,,,,,,,,,,,,,,,,,,,,,,,,,,,,,,,,,,,,,,,,,,,,,61900,63000,63950,63000,63000,59900,59900,59900,59500,59500,59700,59500,59200,55000,55000,59900,58900,55000,59400
"South Padre Island","TX","Brownsville","Cameron",147,136000,144900,145000,145000,136000,144000,136000,152250,144950,145000,148500,146000,144900,144900,139900,122450,137000,129500,129000,137000,126000,135000,135000,126250,127000,119500,121000,122500,119900,124900,126950,124900,122750,114950,119900,116000,112900,114000,111000,112000,112000,109950,109950,115250,122400,119900,119450,119450,124900,115000,110000,115500,119000,115888.5,119000,116300,118038.5,122400,110000,115000,110000,107900,117450,128500,119450,125000,115000,115000,115000,115750,111500,120000,120000,122450,122450,122450,134500,124900,134500,140000,137500,124000,130000,129900,131450,129950,129900,127450,127450,125000,125000,128400
"Snowshoe","WV",,"Pocahontas",148,,,,,,,,,,,,,,,,,,,,,,,,,,,,,,,,,,,,,,,,,,,,,,,,,,,,,,,,,,,,,,,,,,,,,,,,,,,,92550,91000,89950,89900,89250,88000,88500,88000,88500,87250,84900,85950,83450,83249.5,84900,85450,85450
